comYear,comVolume,comBookId,term,sessionPeriod,sessionTimes,meetingTimes,meetingDate,meetingName,subject,pageStart,pageEnd,docUrl,selectTerm,
113,05,,11,01,01,null,1130229,立法院第11屆第1會期內政委員會第1次全體委員會議紀錄,內政委員會第1次會議選舉第11屆第1會期召集委員,   205,   208,https://ppg.ly.gov.tw/ppg/download/communique1/work/113/05/LCIDC01_1130501_00009.doc,1101,
113,05,,11,01,01,null,1130229,立法院第11屆第1會期內政委員會第1次全體委員會議紀錄,經濟委員會第1次會議選舉立法院第11屆第1會期本會召集委員,   211,   212,https://ppg.ly.gov.tw/ppg/download/communique1/work/113/05/LCIDC01_1130501_00009.doc,1101,
113,05,,11,01,01,null,1130229,立法院第11屆第1會期內政委員會第1次全體委員會議紀錄,財政委員會第1次會議選舉立法院第11屆第1會期本會召集委員,   213,   216,https://ppg.ly.gov.tw/ppg/download/communique1/work/113/05/LCIDC01_1130501_00009.doc,1101,
113,05,,11,01,01,null,1130229,立法院第11屆第1會期內政委員會第1次全體委員會議紀錄,教育及文化委員會第1次會議選舉第11屆第1會期本會召集委員,   217,   218,https://ppg.ly.gov.tw/ppg/download/communique1/work/113/05/LCIDC01_1130501_00009.doc,1101,
113,05,,11,01,01,null,1130229,立法院第11屆第1會期內政委員會第1次全體委員會議紀錄,交通委員會第1次會議選舉第11屆第1會期本會召集委員,   219,   220,https://ppg.ly.gov.tw/ppg/download/communique1/work/113/05/LCIDC01_1130501_00009.doc,1101,
113,05,,11,01,01,null,1130229,立法院第11屆第1會期內政委員會第1次全體委員會議紀錄,司法及法制委員會第1次會議選舉第11屆第1會期本會召集委員,   221,   224,https://ppg.ly.gov.tw/ppg/download/communique1/work/113/05/LCIDC01_1130501_00009.doc,1101,
113,05,,11,01,01,null,1130229,立法院第11屆第1會期內政委員會第1次全體委員會議紀錄,社會福利及衛生環境委員會第1次會議選舉第11屆第1會期本會召集委員,   225,   226,https://ppg.ly.gov.tw/ppg/download/communique1/work/113/05/LCIDC01_1130501_00009.doc,1101,
113,05,,11,01,02,null,1130304,立法院第11屆第1會期內政委員會第2次全體委員會議紀錄,內政委員會第2次會議邀請海洋委員會主任委員、大陸委員會主任委員、國防部及海軍司令部參謀長就「金門撞船案：翻船執法過程及後續處理」進行專題報告，並備質詢,   227,   328,https://ppg.ly.gov.tw/ppg/download/communique1/work/113/05/LCIDC01_1130501_00010.doc,1101,
113,05,,11,01,02,null,1130304,立法院第11屆第1會期司法及法制委員會第2次全體委員會議紀錄,司法及法制委員會第2次會議邀請司法院秘書長列席說明立法計畫，並備質詢,   329,   384,https://ppg.ly.gov.tw/ppg/download/communique1/work/113/05/LCIDC01_1130501_00011.doc,1101,
113,06,,11,01,02,null,1130304,立法院第11屆第1會期社會福利及衛生環境委員會第2次全體委員會議紀錄,社會福利及衛生環境委員會第2次會議邀請行政院食品安全辦公室、衛生福利部部長、食品藥物管理署就「食安五環執行狀況及蘇丹紅事件處理之檢討」進行專題報告，並備質詢,   209,   296,https://ppg.ly.gov.tw/ppg/download/communique1/work/113/06/LCIDC01_1130601_00009.doc,1101,
113,06,,11,01,01,null,1130305,立法院第11屆第1會期程序委員會第1次會議紀錄,程序委員會第1次會議一、選舉第11屆第1會期本會召集委員；二、審定本院第11屆第1會期第4次會議議事日程及人民請願案,   297,   328,https://ppg.ly.gov.tw/ppg/download/communique1/work/113/06/LCIDC01_1130601_00010.doc,1101,
113,06,,11,01,02,null,1130306,立法院第11屆第1會期外交及國防委員會第2次全體委員會議紀錄,外交及國防委員會第2次會議邀請國軍退除役官兵輔導委員會主任委員馮世寬報告業務概況，並備質詢,   329,   382,https://ppg.ly.gov.tw/ppg/download/communique1/work/113/06/LCIDC01_1130601_00011.doc,1101,
113,07,,11,01,03,null,1130306,立法院第11屆第1會期內政委員會第3次全體委員會議紀錄,內政委員會第3次會議邀請大陸委員會主任委員及交通部次長、交通部觀光署署長就「赴陸旅遊團停招：決策過程與後續影響評估」進行專題報告，並備質詢,     1,    76,https://ppg.ly.gov.tw/ppg/download/communique1/work/113/07/LCIDC01_1130701_00002.doc,1101,
113,07,,11,01,03,null,1130306,立法院第11屆第1會期司法及法制委員會第3次全體委員會議紀錄,司法及法制委員會第3次會議邀請行政院人事行政總處人事長列席報告業務概況及立法計畫，並備質詢,    77,   124,https://ppg.ly.gov.tw/ppg/download/communique1/work/113/07/LCIDC01_1130701_00003.doc,1101,
113,07,,11,01,03,null,1130306,立法院第11屆第1會期社會福利及衛生環境委員會第3次全體委員會議紀錄,社會福利及衛生環境委員會第3次會議邀請勞動部部長、外交部、勞動力發展署、衛生福利部、內政部、國家安全局就「我國開放印度移工對本國勞工就業市場之衝擊」進行專題報告，並備質詢,   125,   214,https://ppg.ly.gov.tw/ppg/download/communique1/work/113/07/LCIDC01_1130701_00004.doc,1101,
113,07,,11,01,04,null,1130307,立法院第11屆第1會期內政委員會第4次全體委員會議紀錄,內政委員會第4次會議邀請大陸委員會主任委員及財團法人海峽交流基金會董事長列席報告業務概況，並備質詢,   215,   268,https://ppg.ly.gov.tw/ppg/download/communique1/work/113/07/LCIDC01_1130701_00005.doc,1101,
113,07,,11,01,02,null,1130304,立法院第11屆第1會期財政委員會第2次全體委員會議紀錄,財政委員會第2次會議邀請金融監督管理委員會黃主任委員天牧率所屬機關首長暨中央存款保險股份有限公司、監管相關機構有關之財團法人、臺灣證券交易所股份有限公司、臺灣期貨交易所股份有限公司、臺灣集中保管結算所股份有限公司等董事長、總經理列席業務報告，並備質詢（113年3月4日、113年3月7日為一次會）,   269,   322,https://ppg.ly.gov.tw/ppg/download/communique1/work/113/07/LCIDC01_1130701_00006.doc,1101,
113,07,,11,01,02,null,1130307,立法院第11屆第1會期財政委員會第2次全體委員會議紀錄,財政委員會第2次會議邀請財政部莊部長翠雲率所屬機關首長暨國營事業董事長、總經理（含各轉投資事業機構公股代表之董、監事）列席業務報告，並備質詢（113年3月4日、113年3月7日為一次會）,   323,   378,https://ppg.ly.gov.tw/ppg/download/communique1/work/113/07/LCIDC01_1130701_00007.doc,1101,
113,08,,11,01,03,null,1130307,立法院第11屆第1會期外交及國防委員會第3次全體委員會議紀錄,外交及國防委員會第3次會議邀請國防部部長邱國正報告業務概況，並備質詢,     1,    60,https://ppg.ly.gov.tw/ppg/download/communique1/work/113/08/LCIDC01_1130801_00002.doc,1101,
113,08,,11,01,02,null,1130304,立法院第11屆第1會期經濟委員會第2次全體委員會議紀錄,經濟委員會第2次會議邀請農業部部長列席報告業務概況，並備質詢（113年3月4日、113年3月6日、113年3月7日為一次會）,    61,   124,https://ppg.ly.gov.tw/ppg/download/communique1/work/113/08/LCIDC01_1130801_00003.doc,1101,
113,08,,11,01,02,null,1130306,立法院第11屆第1會期經濟委員會第2次全體委員會議紀錄,經濟委員會第2次會議邀請國家發展委員會主任委員列席報告業務概況，並備質詢（113年3月4日、113年3月6日、113年3月7日為一次會）,   125,   186,https://ppg.ly.gov.tw/ppg/download/communique1/work/113/08/LCIDC01_1130801_00004.doc,1101,
113,08,,11,01,02,null,1130307,立法院第11屆第1會期經濟委員會第2次全體委員會議紀錄,經濟委員會第2次會議邀請經濟部部長率台灣電力股份有限公司董事長就「電價調漲對產業、民生等衝擊研擬配套措施」進行報告，並備質詢（113年3月4日、113年3月6日、113年3月7日為一次會）,   187,   250,https://ppg.ly.gov.tw/ppg/download/communique1/work/113/08/LCIDC01_1130801_00005.doc,1101,
113,08,,11,01,02,null,1130304,立法院第11屆第1會期教育及文化委員會第2次全體委員會議紀錄,教育及文化委員會第2次會議邀請教育部部長潘文忠列席報告業務概況，並備質詢（113年3月4日、113年3月7日為一次會）,   251,   322,https://ppg.ly.gov.tw/ppg/download/communique1/work/113/08/LCIDC01_1130801_00006.doc,1101,
113,08,,11,01,02,null,1130307,立法院第11屆第1會期教育及文化委員會第2次全體委員會議紀錄,教育及文化委員會第2次會議邀請國立故宮博物院院長蕭宗煌列席報告業務概況，並備質詢（113年3月4日、113年3月7日為一次會）,   323,   380,https://ppg.ly.gov.tw/ppg/download/communique1/work/113/08/LCIDC01_1130801_00007.doc,1101,
113,09,,11,01,04,null,1130307,立法院第11屆第1會期司法及法制委員會第4次全體委員會議紀錄,司法及法制委員會第4次會議邀請法務部部長率所屬單位主管列席報告業務概況及立法計畫，並備質詢,     1,   132,https://ppg.ly.gov.tw/ppg/download/communique1/work/113/09/LCIDC01_1130901_00002.doc,1101,
113,09,,11,01,04,null,1130307,立法院第11屆第1會期社會福利及衛生環境委員會第4次全體委員會議紀錄,社會福利及衛生環境委員會第4次會議邀請衛生福利部部長、中央健康保險署、食品藥物管理署就「健保藥價調整，藥廠停產慢性病用藥之因應作為」進行專題報告，並備質詢,   133,   210,https://ppg.ly.gov.tw/ppg/download/communique1/work/113/09/LCIDC01_1130901_00003.doc,1101,
113,09,,11,01,02,null,1130304,立法院第11屆第1會期交通委員會第2次全體委員會議紀錄,交通委員會第2次會議邀請行政院公共工程委員會主任委員吳澤成列席報告業務概況，並備質詢（113年3月4日、113年3月6日、113年3月7日為一次會）,   211,   254,https://ppg.ly.gov.tw/ppg/download/communique1/work/113/09/LCIDC01_1130901_00004.doc,1101,
113,09,,11,01,02,null,1130306,立法院第11屆第1會期交通委員會第2次全體委員會議紀錄,交通委員會第2次會議邀請交通部部長王國材列席報告業務概況，並備質詢（113年3月4日、113年3月6日、113年3月7日為一次會）,   255,   348,https://ppg.ly.gov.tw/ppg/download/communique1/work/113/09/LCIDC01_1130901_00005.doc,1101,
113,09,,11,01,02,null,1130307,立法院第11屆第1會期交通委員會第2次全體委員會議紀錄,交通委員會第2次會議一、邀請數位發展部部長唐鳳列席報告業務概況，並備質詢；二、邀請數位發展部部長唐鳳就「112年度出國預算辦理成效及113年度預計效益」進行專題報告，並備質詢（113年3月4日、113年3月6日、113年3月7日為一次會）,   349,   412,https://ppg.ly.gov.tw/ppg/download/communique1/work/113/09/LCIDC01_1130901_00006.doc,1101,
113,10,,11,01,01,null,1130308,立法院第11屆第1會期紀律委員會第1次召集委員會議紀錄,紀律委員會第1次召集委員會議商議排定本（第1）會期各月輪值召集委員人選,   191,   192,https://ppg.ly.gov.tw/ppg/download/communique1/work/113/10/LCIDC01_1131001_00008.doc,1101,
113,10,,11,01,05,null,1130311,立法院第11屆第1會期內政委員會第5次全體委員會議紀錄,內政委員會第5次會議邀請中央選舉委員會主任委員列席報告業務概況，並備質詢,   193,   270,https://ppg.ly.gov.tw/ppg/download/communique1/work/113/10/LCIDC01_1131001_00009.doc,1101,
113,10,,11,01,04,null,1130311,立法院第11屆第1會期外交及國防委員會第4次全體委員會議紀錄,外交及國防委員會第4次會議邀請國家安全局局長蔡明彥報告「因應中共兩會召開及年底美國總統大選，就國際及兩岸局勢發展之研析」，併請國防部副部長、海洋委員會海巡署署長列席，並備質詢,   271,   324,https://ppg.ly.gov.tw/ppg/download/communique1/work/113/10/LCIDC01_1131001_00010.doc,1101,
113,11,,11,01,03,null,1130311,立法院第11屆第1會期交通委員會第3次全體委員會議紀錄,交通委員會第3次會議一、邀請國家通訊傳播委員會主任委員陳耀祥列席報告業務概況，並備質詢；二、邀請國家通訊傳播委員會主任委員陳耀祥就「廣電事業申設換照審查程序暨執行狀況」進行專題報告，並備質詢,     1,   142,https://ppg.ly.gov.tw/ppg/download/communique1/work/113/11/LCIDC01_1131101_00002.doc,1101,
113,11,,11,01,05,null,1130311,立法院第11屆第1會期司法及法制委員會第5次全體委員會議紀錄,司法及法制委員會第5次會議邀請監察院秘書長列席說明立法計畫，並備質詢,   143,   192,https://ppg.ly.gov.tw/ppg/download/communique1/work/113/11/LCIDC01_1131101_00003.doc,1101,
113,11,,11,01,02,null,1130312,立法院第11屆第1會期程序委員會第2次會議紀錄,程序委員會第2次會議審定本院第11屆第1會期第5次會議議事日程及人民請願案,   193,   232,https://ppg.ly.gov.tw/ppg/download/communique1/work/113/11/LCIDC01_1131101_00004.doc,1101,
113,11,,11,01,06,null,1130313,立法院第11屆第1會期內政委員會第6次全體委員會議紀錄,內政委員會第6次會議一、處理113年度中央政府總預算有關海洋委員會及所屬預算凍結書面報告案計2案(一)海洋委員會函，為113年度中央政府總預算決議，檢送該會決議(一)「海洋業務」預算凍結50萬元書面報告，請查照案、(二)海洋委員會函，為113年度中央政府總預算決議，檢送海洋保育署決議(一)「海洋保育業務」預算凍結50萬元書面報告，請查照案；二、邀請海洋委員會主任委員率同所屬列席報告業務概況，並備質詢；三、審查海洋委員會函，為113年度中央政府總預算決議，檢送海巡署及所屬決議(一)「海巡業務」預算凍結50萬元書面報告，請查照案；四、「海洋保育法草案」：(一)審查行政院函請審議「海洋保育法草案」案、(二)審查委員楊瓊瓔等20人擬具「海洋保育法草案」案,   233,   352,https://ppg.ly.gov.tw/ppg/download/communique1/work/113/11/LCIDC01_1131101_00005.doc,1101,
113,11,,11,01,null,null,1130314,立法院第11屆第1會期司法及法制委員會「詐欺犯罪防制立法及各部會打詐機制盤點」公聽會紀錄,司法及法制委員會會議「詐欺犯罪防制立法及各部會打詐機制盤點」公聽會,   353,   526,https://ppg.ly.gov.tw/ppg/download/communique1/work/113/11/LCIDC01_1131101_00006.doc,1101,
113,12,,11,01,06,null,1130313,立法院第11屆第1會期司法及法制委員會第6次全體委員會議紀錄,司法及法制委員會第6次會議邀請考試院秘書長、考選部部長、銓敘部部長及公務人員保障暨培訓委員會主任委員列席報告業務概況及立法計畫，並備質詢,     1,    76,https://ppg.ly.gov.tw/ppg/download/communique1/work/113/12/LCIDC01_1131201_00002.doc,1101,
113,12,,11,01,03,null,1130311,立法院第11屆第1會期經濟委員會第3次全體委員會議紀錄,經濟委員會第3次會議邀請公平交易委員會主任委員列席報告業務概況，並備質詢（113年3月11日、113年3月13日、113年3月14日為一次會）,    77,   114,https://ppg.ly.gov.tw/ppg/download/communique1/work/113/12/LCIDC01_1131201_00003.doc,1101,
113,12,,11,01,03,null,1130313,立法院第11屆第1會期經濟委員會第3次全體委員會議紀錄,經濟委員會第3次會議邀請經濟部部長報告業務概況，並備質詢（113年3月11日、113年3月13日、113年3月14日為一次會）,   115,   168,https://ppg.ly.gov.tw/ppg/download/communique1/work/113/12/LCIDC01_1131201_00004.doc,1101,
113,12,,11,01,03,null,1130314,立法院第11屆第1會期經濟委員會第3次全體委員會議紀錄,經濟委員會第3次會議審查113年度中央政府總預算案附屬單位預算營業部分關於經濟部主管：台灣中油股份有限公司（詢答）（113年3月11日、113年3月13日、113年3月14日為一次會）,   169,   218,https://ppg.ly.gov.tw/ppg/download/communique1/work/113/12/LCIDC01_1131201_00005.doc,1101,
113,12,,11,01,03,null,1130311,立法院第11屆第1會期教育及文化委員會第3次全體委員會議紀錄,教育及文化委員會第3次會議邀請教育部列席就「國家運動科學中心如何協助運動選手，提升參加國際競賽成績之具體作為。」進行專題報告，並備質詢（113年3月11日、113年3月14日為一次會）,   219,   280,https://ppg.ly.gov.tw/ppg/download/communique1/work/113/12/LCIDC01_1131201_00006.doc,1101,
113,12,,11,01,03,null,1130314,立法院第11屆第1會期教育及文化委員會第3次全體委員會議紀錄,教育及文化委員會第3次會議邀請國家科學及技術委員會主任委員吳政忠列席報告業務概況，並備質詢（113年3月11日、113年3月14日為一次會）,   281,   334,https://ppg.ly.gov.tw/ppg/download/communique1/work/113/12/LCIDC01_1131201_00007.doc,1101,
113,13,,11,01,05,null,1130313,立法院第11屆第1會期外交及國防委員會第5次全體委員會議紀錄,外交及國防委員會第5次會議邀請僑務委員會委員長徐佳青報告業務概況，並備質詢,     1,    32,https://ppg.ly.gov.tw/ppg/download/communique1/work/113/13/LCIDC01_1131301_00002.doc,1101,
113,13,,11,01,03,null,1130313,立法院第11屆第1會期財政委員會第3次全體委員會議紀錄,財政委員會第3次會議邀請行政院主計總處朱主計長澤民、審計部陳審計長瑞敏率所屬單位主管列席業務報告，並備質詢（113年3月13日、113年3月14日為一次會）,    33,   128,https://ppg.ly.gov.tw/ppg/download/communique1/work/113/13/LCIDC01_1131301_00003.doc,1101,
113,13,,11,01,03,null,1130314,立法院第11屆第1會期財政委員會第3次全體委員會議紀錄,財政委員會第3次會議邀請中央銀行楊總裁金龍率所屬單位主管暨財金資訊股份有限公司董事長列席業務報告，並備質詢（113年3月13日、113年3月14日為一次會）,   129,   192,https://ppg.ly.gov.tw/ppg/download/communique1/work/113/13/LCIDC01_1131301_00004.doc,1101,
113,13,,11,01,05,null,1130313,立法院第11屆第1會期社會福利及衛生環境委員會第5次全體委員會議紀錄,社會福利及衛生環境委員會第5次會議邀請勞動部部長列席報告業務概況，並備質詢（113年3月13日、113年3月14日為一次會）,   193,   286,https://ppg.ly.gov.tw/ppg/download/communique1/work/113/13/LCIDC01_1131301_00005.doc,1101,
113,13,,11,01,05,null,1130314,立法院第11屆第1會期社會福利及衛生環境委員會第5次全體委員會議紀錄,社會福利及衛生環境委員會第5次會議邀請環境部部長列席報告業務概況，並備質詢（113年3月13日、113年3月14日為一次會）,   287,   420,https://ppg.ly.gov.tw/ppg/download/communique1/work/113/13/LCIDC01_1131301_00006.doc,1101,
113,14,,11,01,06,null,1130314,立法院第11屆第1會期外交及國防委員會第6次全體委員會議紀錄,外交及國防委員會第6次會議邀請國防部部長邱國正報告「面對中共常態化對我侵擾與威脅之影響與應處作為」，併請國家安全局副局長、海洋委員會副主任委員列席，並備質詢,   275,   332,https://ppg.ly.gov.tw/ppg/download/communique1/work/113/14/LCIDC01_1131401_00010.doc,1101,
113,15,,11,01,07,null,1130318,立法院第11屆第1會期司法及法制委員會第7次全體委員會議紀錄,司法及法制委員會第7次會議邀請司法院秘書長、法務部部長、內政部警政署率所屬相關單位列席就「為維護偵查程序之順利進行及真實發現，並兼顧人權維護，如何落實偵查不公開原則及相關流程缺失之檢討」進行專題報告，並備質詢,     1,    60,https://ppg.ly.gov.tw/ppg/download/communique1/work/113/15/LCIDC01_1131501_00002.doc,1101,
113,15,,11,01,06,null,1130318,立法院第11屆第1會期社會福利及衛生環境委員會第6次全體委員會議紀錄,社會福利及衛生環境委員會第6次會議邀請衛生福利部部長、教育部、法務部、內政部警政署就「社會安全網推動情形及策進作為」進行專題報告，並備質詢,    61,   206,https://ppg.ly.gov.tw/ppg/download/communique1/work/113/15/LCIDC01_1131501_00003.doc,1101,
113,15,,11,01,03,null,1130319,立法院第11屆第1會期程序委員會第3次會議紀錄,程序委員會第3次會議審定本院第11屆第1會期第6次會議議事日程及人民請願案,   207,   252,https://ppg.ly.gov.tw/ppg/download/communique1/work/113/15/LCIDC01_1131501_00004.doc,1101,
113,15,,11,01,07,null,1130320,立法院第11屆第1會期外交及國防委員會第7次全體委員會議紀錄,外交及國防委員會第7次會議邀請外交部部長吳釗燮報告業務概況，並備質詢,   253,   314,https://ppg.ly.gov.tw/ppg/download/communique1/work/113/15/LCIDC01_1131501_00005.doc,1101,
113,15,,11,01,null,null,1130325,立法院第11屆第1會期內政委員會「海洋保育法草案」公聽會紀錄,內政委員會會議「海洋保育法草案」公聽會,   315,   396,https://ppg.ly.gov.tw/ppg/download/communique1/work/113/15/LCIDC01_1131501_00006.doc,1101,
113,16,,11,01,07,null,1130318,立法院第11屆第1會期內政委員會第7次全體委員會議紀錄,內政委員會第7次會議邀請內政部部長率同所屬列席報告業務概況，並備質詢（113年3月18日、113年3月20日為一次會）,     1,    70,https://ppg.ly.gov.tw/ppg/download/communique1/work/113/16/LCIDC01_1131601_00002.doc,1101,
113,16,,11,01,07,null,1130320,立法院第11屆第1會期內政委員會第7次全體委員會議紀錄,內政委員會第7次會議邀請內政部部長及國土管理署署長、原住民族委員會主任委員就「國土計畫推動辦理情形」進行專題報告，並備質詢（113年3月18日、113年3月20日為一次會）,    71,   146,https://ppg.ly.gov.tw/ppg/download/communique1/work/113/16/LCIDC01_1131601_00003.doc,1101,
113,16,,11,01,04,null,1130318,立法院第11屆第1會期財政委員會第4次全體委員會議紀錄,財政委員會第4次會議邀請金融監督管理委員會黃主任委員天牧率臺灣證券交易所股份有限公司林董事長修銘及財團法人中華民國證券櫃檯買賣中心陳董事長永誠、中央銀行分別就「從ETF熱賣看政府如何健全投資管道引導民間游資，避免熱錢過度投入房市」進行專題報告，並備質詢（113年3月18日、113年3月20日為一次會）,   147,   214,https://ppg.ly.gov.tw/ppg/download/communique1/work/113/16/LCIDC01_1131601_00004.doc,1101,
113,16,,11,01,04,null,1130320,立法院第11屆第1會期財政委員會第4次全體委員會議紀錄,財政委員會第4次會議處理或審查中華民國113年度中央政府總預算決議，有關財政部主管預算凍結書面報告案45案（113年3月18日、113年3月20日為一次會）,   215,   278,https://ppg.ly.gov.tw/ppg/download/communique1/work/113/16/LCIDC01_1131601_00005.doc,1101,
113,16,,11,01,04,null,1130318,立法院第11屆第1會期交通委員會第4次全體委員會議紀錄,交通委員會第4次會議邀請交通部首長率同中央氣象署署長列席報告業務概況，並備質詢（113年3月18日、113年3月20日為一次會）,   279,   330,https://ppg.ly.gov.tw/ppg/download/communique1/work/113/16/LCIDC01_1131601_00006.doc,1101,
113,16,,11,01,04,null,1130320,立法院第11屆第1會期交通委員會第4次全體委員會議紀錄,交通委員會第4次會議一、審查行政院函請審議「電子簽章法修正草案」案；二、審查委員葛如鈞等22人擬具「電子簽章法修正草案」案（113年3月18日、113年3月20日為一次會）,   331,   382,https://ppg.ly.gov.tw/ppg/download/communique1/work/113/16/LCIDC01_1131601_00007.doc,1101,
113,17,,11,01,08,null,1130321,立法院第11屆第1會期外交及國防委員會第8次全體委員會議紀錄,外交及國防委員會第8次會議【含秘密會議】邀請國家安全局局長蔡明彥率相關情報機關首長提出「國家情報工作暨國家安全局業務報告」，並備質詢,     1,    48,https://ppg.ly.gov.tw/ppg/download/communique1/work/113/17/LCIDC01_1131701_00002.doc,1101,
113,17,,11,01,08,null,1130321,立法院第11屆第1會期司法及法制委員會第8次全體委員會議紀錄,司法及法制委員會第8次會議邀請立法院秘書長列席就「中華民國總統至立法院進行國情報告及詢答模式之建議」進行專題報告，並備質詢,    49,   114,https://ppg.ly.gov.tw/ppg/download/communique1/work/113/17/LCIDC01_1131701_00003.doc,1101,
113,17,,11,01,null,null,1130325,立法院第11屆第1會期司法及法制委員會「個人資料保護委員會組織籌設及相關配套措施」公聽會,司法及法制委員會會議「個人資料保護委員會組織籌設及相關配套措施」公聽會,   115,   238,https://ppg.ly.gov.tw/ppg/download/communique1/work/113/17/LCIDC01_1131701_00004.doc,1101,
113,17,,11,01,04,null,1130318,立法院第11屆第1會期教育及文化委員會第4次全體委員會議紀錄,教育及文化委員會第4次會議邀請教育部、司法院、法務部及內政部列席就「校園暴力事件之處置、少年犯回歸校園之輔導機制及前科紀錄是否塗銷」進行專題報告，並備質詢（113年3月18日、113年3月20日、113年3月21日為一次會）,   239,   340,https://ppg.ly.gov.tw/ppg/download/communique1/work/113/17/LCIDC01_1131701_00005.doc,1101,
113,17,,11,01,04,null,1130320,立法院第11屆第1會期教育及文化委員會第4次全體委員會議紀錄,教育及文化委員會第4次會議邀請中央研究院院長廖俊智列席報告業務概況，並備質詢（113年3月18日、113年3月20日、113年3月21日為一次會）,   341,   392,https://ppg.ly.gov.tw/ppg/download/communique1/work/113/17/LCIDC01_1131701_00006.doc,1101,
113,17,,11,01,04,null,1130321,立法院第11屆第1會期教育及文化委員會第4次全體委員會議紀錄,教育及文化委員會第4次會議邀請教育部列席就「落實特殊教育法配套措施及普特融合教育實施概況」進行專題報告，並備質詢（113年3月18日、113年3月20日、113年3月21日為一次會）,   393,   454,https://ppg.ly.gov.tw/ppg/download/communique1/work/113/17/LCIDC01_1131701_00007.doc,1101,
113,18,,11,01,04,null,1130321,立法院第11屆第1會期經濟委員會第4次全體委員會議紀錄,經濟委員會第4次會議一、邀請經濟部部長就「當前供水情勢檢討及因應措施」進行報告，並備質詢；二、審查113年度中央政府總預算案附屬單位預算營業部分關於經濟部主管：台灣自來水股份有限公司（詢答）,   169,   236,https://ppg.ly.gov.tw/ppg/download/communique1/work/113/18/LCIDC01_1131801_00008.doc,1101,
113,18,,11,01,07,null,1130320,立法院第11屆第1會期社會福利及衛生環境委員會第7次全體委員會議紀錄,社會福利及衛生環境委員會第7次會議一、邀請勞動部部長、衛生福利部、教育部就「落實職場性別平等及性平三法上路如何落實雇主責任」進行專題報告，並備質詢；二、邀請衛生福利部、勞動部、教育部就「完善職場育兒環境及托育人員專業職能、工作倫理及職業道德之培訓策進作為」進行專題報告，並備質詢（113年3月20日、113年3月21日為一次會）,   237,   324,https://ppg.ly.gov.tw/ppg/download/communique1/work/113/18/LCIDC01_1131801_00009.doc,1101,
113,18,,11,01,07,null,1130321,立法院第11屆第1會期社會福利及衛生環境委員會第7次全體委員會議紀錄,社會福利及衛生環境委員會第7次會議邀請環境部部長、經濟部、農業部、國家發展委員會、行政院國家永續發展委員會就「加速推動再生能源對國土環境之影響及環境影響評估認定標準修訂進度」進行專題報告，並備質詢（113年3月20日、113年3月21日為一次會）,   325,   404,https://ppg.ly.gov.tw/ppg/download/communique1/work/113/18/LCIDC01_1131801_00010.doc,1101,
113,19,,11,01,08,null,1130325,立法院第11屆第1會期社會福利及衛生環境委員會第8次全體委員會議紀錄,社會福利及衛生環境委員會第8次會議一、邀請勞動部部長就「事業單位應加強安全衛生管理制度、作業流程及必要教育訓練，並落實職場防災管理」進行專題報告，並備質詢；二、處理中華民國113年度中央政府總預算有關勞動部主管預算凍結案21案（含報告事項20案及討論事項1案）,     1,   148,https://ppg.ly.gov.tw/ppg/download/communique1/work/113/19/LCIDC01_1131901_00002.doc,1101,
113,19,,11,01,04,null,1130326,立法院第11屆第1會期程序委員會第4次會議紀錄,程序委員會第4次會議審定本院第11屆第1會期第7次會議議事日程及人民請願案,   149,   192,https://ppg.ly.gov.tw/ppg/download/communique1/work/113/19/LCIDC01_1131901_00003.doc,1101,
113,19,,11,01,05,null,1130325,立法院第11屆第1會期經濟委員會第5次全體委員會議紀錄,經濟委員會第5次會議一、審查113年度中央政府總預算案附屬單位預算非營業部分關於行政院主管：行政院國家發展基金、離島建設基金、花東地區永續發展基金及促進轉型正義基金（詢答）；二、處理或審查113年度中央政府總預算有關國家發展委員會及所屬主管預算凍結案等7案（113年3月25日、113年3月27日為一次會）,   193,   242,https://ppg.ly.gov.tw/ppg/download/communique1/work/113/19/LCIDC01_1131901_00004.doc,1101,
113,19,,11,01,05,null,1130327,立法院第11屆第1會期經濟委員會第5次全體委員會議紀錄,經濟委員會第5次會議繼續審查113年度中央政府總預算案附屬單位預算營業部分關於經濟部主管：台灣中油股份有限公司（處理）（113年3月25日、113年3月27日為一次會）,   243,   402,https://ppg.ly.gov.tw/ppg/download/communique1/work/113/19/LCIDC01_1131901_00005.doc,1101,
113,19,,11,01,05,null,1130325,立法院第11屆第1會期交通委員會第5次全體委員會議紀錄,交通委員會第5次會議審查委員傅崐萁等33人擬具「花東快速公路建設特別條例草案」案（113年3月25日、113年3月27日為一次會）,   403,   472,https://ppg.ly.gov.tw/ppg/download/communique1/work/113/19/LCIDC01_1131901_00006.doc,1101,
113,19,,11,01,05,null,1130327,立法院第11屆第1會期交通委員會第5次全體委員會議紀錄,交通委員會第5次會議討論立法院交通委員會「鏡電視調閱專案小組運作要點草案」案及相關事宜（113年3月25日、113年3月27日為一次會）,   473,   494,https://ppg.ly.gov.tw/ppg/download/communique1/work/113/19/LCIDC01_1131901_00007.doc,1101,
113,20,,11,01,09,null,1130327,立法院第11屆第1會期外交及國防委員會第9次全體委員會議紀錄,外交及國防委員會第9次會議邀請國防部部長報告「國軍無人機運用的現況及發展」，併請行政院國土安全辦公室列席，並備質詢,    95,   150,https://ppg.ly.gov.tw/ppg/download/communique1/work/113/20/LCIDC01_1132001_00007.doc,1101,
113,20,,11,01,09,null,1130327,立法院第11屆第1會期司法及法制委員會第9次全體委員會議紀錄,司法及法制委員會第9次會議一、邀請行政院人事行政總處人事長及行政院相關機關（含事業單位）列席就「政府機關推動人事服務數位轉型」進行專題報告，並備質詢、二、審查及處理113年度中央政府總預算關於行政院人事行政總處及所屬主管預算凍結項目共7案,   151,   210,https://ppg.ly.gov.tw/ppg/download/communique1/work/113/20/LCIDC01_1132001_00008.doc,1101,
113,20,,11,01,05,null,1130325,立法院第11屆第1會期財政委員會第5次全體委員會議紀錄,財政委員會第5次會議邀請行政院主計總處朱主計長澤民、金融監督管理委員會黃主任委員天牧、國家通訊傳播委員會、法務部、內政部、數位發展部就「新世代打擊詐欺策略行動綱領1.5版」預算執行情形及成效進行專題報告，並備質詢（113年3月25日、113年3月27日為一次會）,   211,   298,https://ppg.ly.gov.tw/ppg/download/communique1/work/113/20/LCIDC01_1132001_00009.doc,1101,
113,20,,11,01,05,null,1130327,立法院第11屆第1會期財政委員會第5次全體委員會議紀錄,財政委員會第5次會議邀請行政院主計總處朱主計長澤民、中央銀行楊總裁金龍、經濟部率台灣電力股份有限公司就電價大漲及央行升息對物價波動的影響進行專題報告，並備質詢（113年3月25日、113年3月27日為一次會）,   299,   370,https://ppg.ly.gov.tw/ppg/download/communique1/work/113/20/LCIDC01_1132001_00010.doc,1101,
113,21,一,11,01,01,null,1130327,立法院第11屆第1會期內政、交通委員會第1次聯席會議紀錄,內政、交通委員會第1次聯席會議審查「行人交通安全設施條例草案」(一)行政院函請審議「行人交通安全設施條例草案」案；(二)委員黃捷等16人擬具「行人交通安全設施條例草案」案,     1,   152,https://ppg.ly.gov.tw/ppg/download/communique1/work/113/21/LCIDC01_1132101_00002.doc,1101,
113,21,一,11,01,08,null,1130328,立法院第11屆第1會期內政委員會第8次全體委員會議紀錄,內政委員會第8次會議一、繼續審查行政院函請審議「海洋保育法草案」案；二、繼續審查委員楊瓊瓔等20人擬具「海洋保育法草案」案；三、審查委員伍麗華SaidhaiTahovecahe等16人擬具「海洋保育法草案」案；四、審查委員王美惠等17人擬具「海洋保育法草案」案；五、審查委員黃捷等18人擬具「海洋保育法草案」案；六、審查委員羅廷瑋等18人擬具「海洋保育法草案」案；七、審查委員鄭天財SraKacaw等19人擬具「海洋保育法草案」案；八、審查委員蘇巧慧等16人擬具「海洋保育法草案」案；九、審查委員羅美玲等17人擬具「海洋保育法草案」案；十、審查委員許宇甄等20人擬具「海洋保育法草案」案；十一、審查委員莊瑞雄等20人擬具「海洋保育法草案」案,   153,   178,https://ppg.ly.gov.tw/ppg/download/communique1/work/113/21/LCIDC01_1132101_00003.doc,1101,
113,21,一,11,01,10,null,1130328,立法院第11屆第1會期外交及國防委員會第10次全體委員會議紀錄,外交及國防委員會第10次會議一、邀請外交部部長報告「美國2024年大選過程對我國及印太地區的衝擊及影響」，並備質詢；二、處理院會交付113年度中央政府總預算決議，外交部主管預算凍結案等6案,   179,   218,https://ppg.ly.gov.tw/ppg/download/communique1/work/113/21/LCIDC01_1132101_00004.doc,1101,
113,21,一,11,01,09,null,1130327,立法院第11屆第1會期社會福利及衛生環境委員會第9次全體委員會議紀錄,社會福利及衛生環境委員會第9次會議一、邀請環境部部長就「邁向碳有價時代，碳費擬定時程表及碳費審議委員會之相關內容」進行專題報告，並備質詢；二、處理或審查中華民國113年度中央政府總預算有關環境部主管預算凍結案49案（含報告事項45案及討論事項4案）（113年3月27日、113年3月28日為一次會）（後接第二冊）,   219,   432,https://ppg.ly.gov.tw/ppg/download/communique1/work/113/21/LCIDC01_1132101_00006.dochttps://ppg.ly.gov.tw/ppg/download/communique1/work/113/21/LCIDC01_1132101_00005.doc,1101,
113,21,二,11,01,09,null,1130327,立法院第11屆第1會期社會福利及衛生環境委員會第9次全體委員會議紀錄,社會福利及衛生環境委員會第9次會議一、邀請環境部部長就「邁向碳有價時代，碳費擬定時程表及碳費審議委員會之相關內容」進行專題報告，並備質詢；二、處理或審查中華民國113年度中央政府總預算有關環境部主管預算凍結案49案（含報告事項45案及討論事項4案）（113年3月27日、113年3月28日為一次會）（前接第一冊）,     1,   354,https://ppg.ly.gov.tw/ppg/download/communique1/work/113/21/LCIDC01_1132102_00002.dochttps://ppg.ly.gov.tw/ppg/download/communique1/work/113/21/LCIDC01_1132102_00003.doc,1101,
113,21,二,11,01,09,null,1130328,立法院第11屆第1會期社會福利及衛生環境委員會第9次全體委員會議紀錄,社會福利及衛生環境委員會第9次會議一、邀請衛生福利部部長就「社會安全網缺失檢討及具體改進作法」進行專題報告，並備質詢；二、邀請衛生福利部部長、教育部次長就「出養童遭虐致死事件檢討會議要求新北市政府、臺北市政府及兒童福利聯盟所提供之檢討報告」進行專題報告，並備質詢；三、處理中華民國113年度中央政府總預算決議有關衛生福利部主管預算凍結案18案（113年3月27日、113年3月28日為一次會）,   355,   526,https://ppg.ly.gov.tw/ppg/download/communique1/work/113/21/LCIDC01_1132102_00004.doc,1101,
113,22,,11,01,10,null,1130328,立法院第11屆第1會期司法及法制委員會第10次全體委員會議紀錄,司法及法制委員會第10次會議一、邀請司法院、法務部、教育部、衛生福利部、內政部警政署就「青少年法治教育與犯罪防制成效」進行專題報告，並備質詢；二、審查及處理113年度中央政府總預算關於法務部及所屬主管預算凍結項目共6案,     1,   116,https://ppg.ly.gov.tw/ppg/download/communique1/work/113/22/LCIDC01_1132201_00002.doc,1101,
113,22,,11,01,09,null,1130401,立法院第11屆第1會期內政委員會第9次全體委員會議紀錄,內政委員會第9次會議一、邀請原住民族委員會主任委員、財團法人原住民族文化事業基金會董事長、財團法人原住民族語言研究發展基金會董事長就以下事項進行專題報告，並備質詢：(一)2016年至2024年原住民族自治法及都市原住民發展條例立法推動歷程、(二)如何協助地方政府推動都市原住民政策、(三)部落產業發展及食農教育政策辦理情形、(四)部落地方創生計畫執行現況與未來發展、(五)原住民族學校法立法推動情形、(六)原住民族知識體系辦理情形、(七)如何改善原住民族語言推動組織之需求、(八)原住民族語言推動現況與預算執行檢討、(九)如何制定保障土地與居住權益之「原住民族土地使用規則（草案）」、(十)國土計畫法施行後部落自有住宅合法化推動規劃、(十一)部落聯絡道路養護及預算不足之辦理情形、(十二)如何協助原鄉公所基礎設施預算不足之困境、(十三)原住民族家庭服務中心轉型規劃辦理情形、(十四)如何精進原住民族文化健康站並落實老幼共學政策、(十五)原住民族電視臺及廣播電臺之各職類薪資待遇暨升遷制度及人才培育規劃；二、審查委員鄭天財SraKacaw等20人擬具「原住民族基本法增訂第二十條之一條文草案」案（僅詢答）,   117,   188,https://ppg.ly.gov.tw/ppg/download/communique1/work/113/22/LCIDC01_1132201_00003.doc,1101,
113,22,,11,01,11,null,1130401,立法院第11屆第1會期外交及國防委員會第11次全體委員會議紀錄,外交及國防委員會第11次會議邀請國防部部長邱國正、經濟部次長報告「國防自主政策推動具體成效暨未來目標」，併請國家科學及技術委員會列席，並備質詢,   189,   240,https://ppg.ly.gov.tw/ppg/download/communique1/work/113/22/LCIDC01_1132201_00004.doc,1101,
113,22,,11,01,05,null,1130327,立法院第11屆第1會期教育及文化委員會第5次全體委員會議紀錄,教育及文化委員會第5次會議一、邀請文化部部長史哲報告業務概況，並備質詢；二、處理或審查113年度中央政府總預算有關文化部主管預算（公務預算）解凍案8案（113年3月27日、113年3月28日為一次會）,   241,   322,https://ppg.ly.gov.tw/ppg/download/communique1/work/113/22/LCIDC01_1132201_00005.doc,1101,
113,22,,11,01,05,null,1130328,立法院第11屆第1會期教育及文化委員會第5次全體委員會議紀錄,教育及文化委員會第5次會議邀請核能安全委員會主任委員陳東陽列席報告業務概況，並備質詢（113年3月27日、113年3月28日為一次會）,   323,   368,https://ppg.ly.gov.tw/ppg/download/communique1/work/113/22/LCIDC01_1132201_00006.doc,1101,
113,23,,11,01,01,null,1130401,立法院第11屆第1會期經濟、交通兩委員會第1次聯席會議紀錄,經濟、交通兩委員會第1次聯席會議審查本院委員傅崐萁等53人擬具「環島高速鐵路建設特別條例草案」案（詢答及處理）,     1,    62,https://ppg.ly.gov.tw/ppg/download/communique1/work/113/23/LCIDC01_1132301_00002.doc,1101,
113,23,,11,01,06,null,1130401,立法院第11屆第1會期交通委員會第6次全體委員會議紀錄,交通委員會第6次會議邀請交通部部長王國材就「極端氣候災防預警暨汛期防汛準備辦理情形」進行專題報告，並備質詢,    63,   122,https://ppg.ly.gov.tw/ppg/download/communique1/work/113/23/LCIDC01_1132301_00003.doc,1101,
113,23,,11,01,11,null,1130401,立法院第11屆第1會期司法及法制委員會第11次全體委員會議紀錄,司法及法制委員會第11次會議一、審查(一)台灣民眾黨黨團擬具「立法院職權行使法部分條文修正草案」案、(二)委員楊瓊瓔等20人擬具「立法院職權行使法部分條文修正草案」案、(三)委員傅崐萁等52人擬具「立法院職權行使法部分條文修正草案」案、(四)委員傅崐萁等52人擬具「立法院職權行使法部分條文修正草案」案、(五)委員翁曉玲等16人擬具「立法院職權行使法第十五條、第二十九條及第四十四條條文修正草案」案、(六)委員傅崐萁等52人擬具「立法院職權行使法第十五條之一、第十五條之二及第十五條之四條文修正草案」案、(七)委員翁曉玲等16人擬具「立法院職權行使法第十五條之一、第十五條之二及第十五條之四條文修正草案」案；二、審查委員傅崐萁等52人擬具「中華民國刑法增訂第五章之一章名、第一百四十一條之一及第一百四十一條之二條文草案」案；三、審查(一)委員羅智強等20人擬具「立法委員互選院長副院長辦法第一條條文修正草案」案、(二)台灣民眾黨黨團擬具「立法委員互選院長副院長辦法第一條及第一條之一條文修正草案」案、(三)委員魯明哲等24人擬具「立法委員互選院長副院長辦法第一條條文修正草案」案【僅進行詢答】,   123,   202,https://ppg.ly.gov.tw/ppg/download/communique1/work/113/23/LCIDC01_1132301_00004.doc,1101,
113,23,,11,01,10,null,1130401,立法院第11屆第1會期社會福利及衛生環境委員會第10次全體委員會議紀錄,社會福利及衛生環境委員會第10次會議邀請衛生福利部部長、環境部、行政院食品安全辦公室、行政院消費者保護會、臺灣菸酒股份有限公司就「蘇丹紅、小林製藥紅麴原料以及寶林茶室食物中毒案等重大食安事件之檢討與策進作為」進行專題報告，並備質詢,   203,   300,https://ppg.ly.gov.tw/ppg/download/communique1/work/113/23/LCIDC01_1132301_00005.doc,1101,
113,23,,11,01,null,null,1130403,立法院第11屆第1會期交通委員會召開「道路交通管理處罰條例」修法公聽會紀錄,交通委員會會議召開「道路交通管理處罰條例」修法公聽會,   301,   358,https://ppg.ly.gov.tw/ppg/download/communique1/work/113/23/LCIDC01_1132301_00006.doc,1101,
113,24,,11,01,05,null,1130402,立法院第11屆第1會期程序委員會第5次會議紀錄,程序委員會第5次會議審定本院第11屆第1會期第8次會議議事日程及人民請願案,     1,    48,https://ppg.ly.gov.tw/ppg/download/communique1/work/113/24/LCIDC01_1132401_00002.doc,1101,
113,24,,11,01,06,null,1130403,立法院第11屆第1會期經濟委員會第6次全體委員會議紀錄,經濟委員會第6次會議繼續審查113年度中央政府總預算案附屬單位預算營業部分關於經濟部主管：台灣自來水股份有限公司。（處理）,    49,   138,https://ppg.ly.gov.tw/ppg/download/communique1/work/113/24/LCIDC01_1132401_00003.doc,1101,
113,24,,11,01,06,null,1130403,立法院第11屆第1會期教育及文化委員會第6次全體委員會議紀錄,教育及文化委員會第6次會議邀請教育部次長率體育署列席就「完善國家代表隊選手權利義務及健全我國運動產業環境」進行專題報告，並備質詢,   139,   220,https://ppg.ly.gov.tw/ppg/download/communique1/work/113/24/LCIDC01_1132401_00004.doc,1101,
113,24,,11,01,null,null,1130403,立法院第11屆第1會期司法及法制委員會「啟動國會改革─立法院職權行使法相關法案」公聽會紀錄,司法及法制委員會會議「啟動國會改革─立法院職權行使法相關法案」公聽會,   221,   338,https://ppg.ly.gov.tw/ppg/download/communique1/work/113/24/LCIDC01_1132401_00005.doc,1101,
113,24,,11,01,null,null,1130403,立法院第11屆第1會期社會福利及衛生環境委員會「人工生殖法條文修正草案」公聽會紀錄,社會福利及衛生環境委員會會議舉行「人工生殖法條文修正草案」公聽會,   339,   394,https://ppg.ly.gov.tw/ppg/download/communique1/work/113/24/LCIDC01_1132401_00006.doc,1101,
113,24,,11,01,06,null,1130401,立法院第11屆第1會期財政委員會第6次全體委員會議紀錄,財政委員會第6次會議邀請財政部莊部長翠雲、金融監督管理委員會黃主任委員天牧、內政部、國家發展委員會就「如何積極推動金融業投注國內公共建設，並達成社宅百萬戶之政策目標」進行專題報告，並備質詢（113年4月1日、113年4月3日為一次會）,   395,   466,https://ppg.ly.gov.tw/ppg/download/communique1/work/113/24/LCIDC01_1132401_00007.doc,1101,
113,24,,11,01,06,null,1130403,立法院第11屆第1會期財政委員會第6次全體委員會議紀錄,財政委員會第6次會議一、邀請金融監督管理委員會黃主任委員天牧、財政部莊部長翠雲、經濟部、行政院消費者保護處就「如何改善我國融資公司因缺乏監管所衍生之社會亂象，以穩定金融市場並保障消費者權益」進行專題報告，並備質詢；另邀請內政部警政署、法務部派員列席備詢；二、處理中華民國113年度中央政府總預算決議，有關金融監督管理委員會主管預算凍結書面報告案28案（113年4月1日、113年4月3日為一次會）,   467,   472,https://ppg.ly.gov.tw/ppg/download/communique1/work/113/24/LCIDC01_1132401_00008.doc,1101,
113,25,,11,01,10,null,1130408,立法院第11屆第1會期內政委員會第10次全體委員會議紀錄,內政委員會第10次會議一、邀請客家委員會主任委員率同所屬及財團法人客家公共傳播基金會董事長列席報告業務概況，並備質詢；二、處理113年度中央政府總預算案有關客家委員會及所屬預算凍結案計6案(一)客家委員會函，為113年度中央政府總預算決議，檢送決議(一)預算凍結100萬元書面報告，請查照案、(二)客家委員會函，為113年度中央政府總預算決議，檢送決議(二)預算凍結100萬元書面報告，請查照案、(三)客家委員會函，為113年度中央政府總預算決議，檢送決議(三)預算凍結50萬元書面報告，請查照案、(四)客家委員會函，為113年度中央政府總預算決議，檢送決議(四)預算凍結50萬元書面報告，請查照案、(五)客家委員會函，為113年度中央政府總預算決議，檢送決議(五)預算凍結20萬元書面報告，請查照案、(六)客家委員會函，為113年度中央政府總預算決議，檢送決議(二十四)預算凍結100萬元書面報告，請查照案；三、審查或處理113年度中央政府總預算案有關大陸委員會預算凍結案計5案(一)大陸委員會函，為113年度中央政府總預算決議，檢送「一般行政」預算凍結50萬元書面報告，請查照案、(二)大陸委員會函，為113年度中央政府總預算決議，檢送「綜合規劃業務」預算凍結200萬元專案報告，請查照案、(三)大陸委員會函，為113年度中央政府總預算決議，檢送「經濟業務」預算凍結100萬元書面報告，請查照案、(四)大陸委員會函，為113年度中央政府總預算決議，檢送「法政業務」預算凍結200萬元書面報告，請查照案、(五)大陸委員會函，為113年度中央政府總預算決議，檢送「港澳蒙藏業務」預算凍結200萬元書面報告，請查照案,   197,   266,https://ppg.ly.gov.tw/ppg/download/communique1/work/113/25/LCIDC01_1132501_00008.doc,1101,
113,25,,11,01,06,null,1130409,立法院第11屆第1會期程序委員會第6次會議紀錄,程序委員會第6次會議審定本院第11屆第1會期第9次會議議事日程及人民請願案,   267,   306,https://ppg.ly.gov.tw/ppg/download/communique1/work/113/25/LCIDC01_1132501_00009.doc,1101,
113,25,,11,01,null,null,1130410,立法院第11屆第1會期司法及法制委員會「如何落實國會調查／聽證權以有效監督行政機關，並避免侵犯人民自由／隱私權」公聽會紀錄,司法及法制委員會會議「如何落實國會調查／聽證權以有效監督行政機關，並避免侵犯人民自由／隱私權」公聽會,   307,   414,https://ppg.ly.gov.tw/ppg/download/communique1/work/113/25/LCIDC01_1132501_00010.doc,1101,
113,26,,11,01,null,null,1130411,立法院第11屆第1會期司法及法制委員會「如何落實國會調查／聽證權以有效監督行政機關，並防範機密外洩危害國安」公聽會紀錄,司法及法制委員會會議「如何落實國會調查／聽證權以有效監督行政機關，並防範機密外洩危害國安」公聽會,     1,    72,https://ppg.ly.gov.tw/ppg/download/communique1/work/113/26/LCIDC01_1132601_00002.doc,1101,
113,26,,11,01,11,null,1130408,立法院第11屆第1會期社會福利及衛生環境委員會第11次全體委員會議紀錄,社會福利及衛生環境委員會第11次會議邀請勞動部、行政院人事行政總處、銓敘部、教育部、國防部就「安心生養！試辦彈性育嬰假及如何提高男性育嬰留停比例」進行專題報告，並備質詢（113年4月8日、113年4月10日為一次會）,    73,   154,https://ppg.ly.gov.tw/ppg/download/communique1/work/113/26/LCIDC01_1132601_00003.doc,1101,
113,26,,11,01,11,null,1130410,立法院第11屆第1會期社會福利及衛生環境委員會第11次全體委員會議紀錄,社會福利及衛生環境委員會第11次會議一、審查(一)委員邱議瑩等25人擬具「再生醫療法草案」案、(二)委員謝衣鳯等19人擬具「再生醫療法草案」案、(三)委員羅廷瑋等21人擬具「再生醫療法草案」案；二、審查(一)委員邱議瑩等25人擬具「再生醫療製劑條例草案」案、(二)委員謝衣鳯等18人擬具「再生醫療製劑管理條例草案」案、(三)委員羅廷瑋等21人擬具「再生醫療製劑管理條例草案」案【一、二案採綜合詢答，本日會議僅詢答】（113年4月8日、113年4月10日為一次會）,   155,   226,https://ppg.ly.gov.tw/ppg/download/communique1/work/113/26/LCIDC01_1132601_00004.doc,1101,
113,26,,11,01,07,null,1130410,立法院第11屆第1會期經濟委員會第7次全體委員會議紀錄,經濟委員會第7次會議繼續審查113年度中央政府總預算案附屬單位預算非營業部分關於行政院主管：行政院國家發展基金、離島建設基金、花東地區永續發展基金及促進轉型正義基金（處理）（113年4月10日、113年4月11日為一次會）,   227,   358,https://ppg.ly.gov.tw/ppg/download/communique1/work/113/26/LCIDC01_1132601_00005.doc,1101,
113,26,,11,01,07,null,1130411,立法院第11屆第1會期經濟委員會第7次全體委員會議紀錄,經濟委員會第7次會議一、審查：(一)行政院函請審議「遠洋漁業條例第十四條之一、第三十六條之一及第四十七條條文修正草案」案、(二)本院委員邱鎮軍等18人擬具「遠洋漁業條例部分條文修正草案」案、(三)本院委員楊瓊瓔等21人擬具「遠洋漁業條例增訂第十四條之一及第三十八條之一條文草案」案；二、審查：(一)行政院函請審議「野生動物保育法部分條文修正草案」案、(二)本院委員鄭天財SraKacaw等21人擬具「野生動物保育法部分條文修正草案」案、(三)本院委員賴瑞隆等16人擬具「野生動物保育法部分條文修正草案」案、(四)本院委員黃捷等22人擬具「野生動物保育法部分條文修正草案」案、(五)本院委員伍麗華SaidhaiTahovecahe等16人擬具「野生動物保育法部分條文修正草案」案、(六)本院委員郭昱晴等16人擬具「野生動物保育法部分條文修正草案」案、(七)本院委員呂玉玲等17人擬具「野生動物保育法第十九條、第二十一條及第二十一條之一條文修正草案」案、(八)本院委員張雅琳等18人擬具「野生動物保育法部分條文修正草案」案（113年4月10日、113年4月11日為一次會）,   359,   456,https://ppg.ly.gov.tw/ppg/download/communique1/work/113/26/LCIDC01_1132601_00006.doc,1101,
113,27,,11,01,07,null,1130410,立法院第11屆第1會期財政委員會第7次全體委員會議紀錄,財政委員會第7次會議一、審查「所得稅法」12案：(一)審查本院委員羅明才等23人擬具「所得稅法第十五條條文修正草案」案、(二)審查本院國民黨黨團、台灣民眾黨黨團、委員馬文君等16人、委員魯明哲等23人、委員謝龍介等20人、委員賴士葆等17人、委員賴士葆等18人、委員林德福等21人、委員楊瓊瓔等16人、委員賴士葆等28人、委員王正旭等17人分別擬具「所得稅法第十七條條文修正草案」等11案；二、審查「加值型及非加值型營業稅法」4案：(一)行政院函請審議「加值型及非加值型營業稅法部分條文修正草案」案、(二)本院台灣民眾黨黨團、委員黃捷等17人、委員吳宗憲等18人分別擬具「加值型及非加值型營業稅法第八條條文修正草案」等3案（僅詢答）,     1,    72,https://ppg.ly.gov.tw/ppg/download/communique1/work/113/27/LCIDC01_1132701_00002.doc,1101,
113,27,,11,01,12,null,1130415,立法院第11屆第1會期外交及國防委員會第12次全體委員會議紀錄,外交及國防委員會第12次會議邀請外交部部長吳釗燮報告「我國國際合作發展具體成效暨未來目標」，並備質詢,    73,   122,https://ppg.ly.gov.tw/ppg/download/communique1/work/113/27/LCIDC01_1132701_00003.doc,1101,
113,27,,11,01,null,null,1130415,立法院第11屆第1會期教育及文化委員會「學生輔導法」修法公聽會紀錄,教育及文化委員會會議「學生輔導法」修法公聽會,   123,   226,https://ppg.ly.gov.tw/ppg/download/communique1/work/113/27/LCIDC01_1132701_00004.doc,1101,
113,27,,11,01,07,null,1130410,立法院第11屆第1會期教育及文化委員會第7次全體委員會議紀錄,教育及文化委員會第7次會議邀請教育部列席就「『擴大幼兒教保公共化』成效及未來策略」進行專題報告，並備質詢（113年4月10日、113年4月11日為一次會）,   227,   320,https://ppg.ly.gov.tw/ppg/download/communique1/work/113/27/LCIDC01_1132701_00005.doc,1101,
113,27,,11,01,07,null,1130411,立法院第11屆第1會期教育及文化委員會第7次全體委員會議紀錄,教育及文化委員會第7次會議邀請國家科學及技術委員會列席就「國家科技發展策略與布局」進行專題報告，並備質詢（113年4月10日、113年4月11日為一次會）,   321,   386,https://ppg.ly.gov.tw/ppg/download/communique1/work/113/27/LCIDC01_1132701_00006.doc,1101,
113,28,,11,01,11,null,1130415,立法院第11屆第1會期內政委員會第11次全體委員會議紀錄,內政委員會第11次會議邀請內政部部長、行政院主計總處副主計長、原住民族委員會、行政院公共工程委員會、交通部、交通部觀光署、環境部、勞動部、農業部、教育部、衛生福利部、經濟部、財政部、國軍退除役官兵輔導委員會、金融監督管理委員會就「0403震災之災後救助、重建規劃及補助方式」及「從東華實驗室失火事件檢討災害防救之完備化」進行專題報告，並備質詢,   139,   252,https://ppg.ly.gov.tw/ppg/download/communique1/work/113/28/LCIDC01_1132801_00008.doc,1101,
113,28,,11,01,12,null,1130415,立法院第11屆第1會期司法及法制委員會第12次全體委員會議紀錄,司法及法制委員會第12次會議一、(一)繼續審查台灣民眾黨黨團擬具「立法院職權行使法部分條文修正草案」案、(二)繼續審查委員楊瓊瓔等20人擬具「立法院職權行使法部分條文修正草案」案、(三)繼續審查委員傅崐萁等52人擬具「立法院職權行使法部分條文修正草案」案、(四)繼續審查委員傅崐萁等52人擬具「立法院職權行使法部分條文修正草案」案、(五)繼續審查委員翁曉玲等16人擬具「立法院職權行使法第十五條、第二十九條及第四十四條條文修正草案」案、(六)繼續審查委員傅崐萁等52人擬具「立法院職權行使法第十五條之一、第十五條之二及第十五條之四條文修正草案」案、(七)繼續審查委員翁曉玲等16人擬具「立法院職權行使法第十五條之一、第十五條之二及第十五條之四條文修正草案」案、(八)審查委員吳宗憲等16人擬具「立法院職權行使法部分條文修正草案」案、(九)審查委員吳宗憲等17人擬具「立法院職權行使法第十七條條文修正草案」案、(十)審查委員吳宗憲等17人擬具「立法院職權行使法部分條文修正草案」案、(十一)審查委員吳宗憲等16人擬具「立法院職權行使法第十五條之一、第十五條之二及第十五條之四條文修正草案」案、(十二)審查委員賴瑞隆等17人擬具「立法院職權行使法第十五條之二條文修正草案」案、(十三)審查委員賴士葆等20人擬具「立法院職權行使法增訂部分條文草案」案、(十四)審查委員吳宗憲等18人擬具「立法院職權行使法第二十五條及第二十六條條文修正草案」案、(十五)審查委員翁曉玲等18人擬具「立法院職權行使法第二十五條條文修正草案」案；二、(一)繼續審查委員傅崐萁等52人擬具「中華民國刑法增訂第五章之一章名、第一百四十一條之一及第一百四十一條之二條文草案」案、(二)審查委員翁曉玲等19人擬具「中華民國刑法增訂第一百四十條之一條文草案」案；三、(一)繼續審查委員羅智強等20人擬具「立法委員互選院長副院長辦法第一條條文修正草案」案、(二)繼續審查台灣民眾黨黨團擬具「立法委員互選院長副院長辦法第一條及第一條之一條文修正草案」案、(三)繼續審查委員魯明哲等24人擬具「立法委員互選院長副院長辦法第一條條文修正草案」案,   253,   442,https://ppg.ly.gov.tw/ppg/download/communique1/work/113/28/LCIDC01_1132801_00009.doc,1101,
113,28,,11,01,07,null,1130416,立法院第11屆第1會期程序委員會第7次會議紀錄,程序委員會第7次會議審定本院第11屆第1會期第10次會議議事日程及人民請願案,   443,   498,https://ppg.ly.gov.tw/ppg/download/communique1/work/113/28/LCIDC01_1132801_00010.doc,1101,
113,29,,11,01,01,null,1130417,立法院第11屆第1會期內政、經濟委員會第1次聯席會議紀錄,內政、經濟委員會第1次聯席會議一、審查委員高金素梅等19人擬具「原住民保留地禁伐補償條例第六條條文修正草案」案；二、審查委員鄭天財SraKacaw等18人擬具「原住民保留地禁伐補償條例第五條及第六條條文修正草案」案；三、審查委員盧縣一等19人擬具「原住民保留地禁伐補償條例第三條及第六條條文修正草案」案；四、審查委員伍麗華SaidhaiTahovecahe等16人擬具「原住民保留地禁伐補償條例第三條及第六條條文修正草案」案,     1,    64,https://ppg.ly.gov.tw/ppg/download/communique1/work/113/29/LCIDC01_1132901_00002.doc,1101,
113,29,,11,01,12,null,1130417,立法院第11屆第1會期內政委員會第12次全體委員會議紀錄,內政委員會第12次會議討論立法院內政委員會「數位身分證換發政策及預算執行調閱小組運作要點」草案,    65,    80,https://ppg.ly.gov.tw/ppg/download/communique1/work/113/29/LCIDC01_1132901_00003.doc,1101,
113,29,,11,01,08,null,1130417,立法院第11屆第1會期財政委員會第8次全體委員會議紀錄,財政委員會第8次會議邀請金融監督管理委員會黃主任委員天牧、財政部莊部長翠雲、經濟部、行政院消費者保護處就「如何改善我國融資公司因缺乏監管所衍生之社會亂象，以穩定金融市場並保障消費者權益」進行專題報告，並備質詢；另邀請內政部警政署、法務部列席備詢,    81,   148,https://ppg.ly.gov.tw/ppg/download/communique1/work/113/29/LCIDC01_1132901_00004.doc,1101,
113,29,,11,01,13,null,1130417,立法院第11屆第1會期司法及法制委員會第13次全體委員會議紀錄,司法及法制委員會第13次會議併案審查(一)委員黃健豪等20人擬具「中華民國刑法第二百八十六條條文修正草案」案、(二)委員徐巧芯等18人擬具「中華民國刑法第二百八十六條條文修正草案」案、(三)委員廖偉翔等19人擬具「中華民國刑法第七十七條及第二百七十二條之一條文修正草案」案、(四)委員王育敏等20人擬具「中華民國刑法第二百八十六條條文修正草案」案、(五)委員楊瓊瓔等20人擬具「中華民國刑法第二百八十六條條文修正草案」案、(六)委員蘇清泉等28人擬具「中華民國刑法第二百八十六條及第二百八十六條之一條文修正草案」案、(七)國民黨黨團擬具「中華民國刑法第二百八十六條條文修正草案」案、(八)委員柯志恩等19人擬具「中華民國刑法第二百八十六條條文修正草案」案、(九)委員徐欣瑩等18人擬具「中華民國刑法第二百八十六條條文修正草案」案、(十)委員陳超明等22人擬具「中華民國刑法第二百八十六條條文修正草案」案,   149,   226,https://ppg.ly.gov.tw/ppg/download/communique1/work/113/29/LCIDC01_1132901_00005.doc,1101,
113,29,,11,01,12,null,1130415,立法院第11屆第1會期社會福利及衛生環境委員會第12次全體委員會議紀錄,社會福利及衛生環境委員會第12次會議邀請衛生福利部部長、內政部、法務部、教育部、數位發展部、國家通訊傳播委員會、文化部就「數位技術普及造成兒少性剝削案件增加之因應作為與現行政策檢討」進行專題報告，並備質詢,   227,   340,https://ppg.ly.gov.tw/ppg/download/communique1/work/113/29/LCIDC01_1132901_00006.doc,1101,
113,29,,11,01,12,null,1130417,立法院第11屆第1會期社會福利及衛生環境委員會第12次全體委員會議紀錄,社會福利及衛生環境委員會第12次會議邀請環境部部長、經濟部、行政院國家永續發展委員會就「限塑政策執行成效，及家戶與一般事業廢棄物減量之檢討與策進作為」進行專題報告，並備質詢,   341,   422,https://ppg.ly.gov.tw/ppg/download/communique1/work/113/29/LCIDC01_1132901_00007.doc,1101,
113,30,,11,01,13,null,1130417,立法院第11屆第1會期外交及國防委員會第13次全體委員會議紀錄,外交及國防委員會第13次會議邀請國防部部長邱國正報告「潛艦國造建案沿革及目前進度」，並備質詢（含秘密會議）,     1,    50,https://ppg.ly.gov.tw/ppg/download/communique1/work/113/30/LCIDC01_1133001_00002.doc,1101,
113,30,,11,01,14,null,1130418,立法院第11屆第1會期外交及國防委員會第14次全體委員會議紀錄,外交及國防委員會第14次會議邀請僑務委員會委員長徐佳青報告「如何增進海外僑胞對國家之認同與支持具體做法」，並備質詢,    51,    98,https://ppg.ly.gov.tw/ppg/download/communique1/work/113/30/LCIDC01_1133001_00003.doc,1101,
113,30,,11,01,08,null,1130417,立法院第11屆第1會期教育及文化委員會第8次全體委員會議紀錄,教育及文化委員會第8次會議邀請教育部部長潘文忠列席就「教改30年廣設大學及技專升格如今面臨整併退場之問題及對策」進行專題報告，並備質詢（113年4月17日、113年4月18日為一次會）,    99,   166,https://ppg.ly.gov.tw/ppg/download/communique1/work/113/30/LCIDC01_1133001_00004.doc,1101,
113,30,,11,01,08,null,1130418,立法院第11屆第1會期教育及文化委員會第8次全體委員會議紀錄,教育及文化委員會第8次會議一、審查委員柯志恩等16人擬具「大學法第三十五條條文修正草案」案；二、審查委員柯志恩等16人擬具「專科學校法第四十四條條文修正草案」案；三、審查(一)委員柯志恩等17人擬具「國民體育法第五條條文修正草案」案、(二)委員莊瑞雄等21人擬具「國民體育法第二十三條條文修正草案」案、(三)委員蔡其昌等21人擬具「國民體育法第二十三條條文修正草案」案、(四)委員何欣純等20人擬具「國民體育法部分條文修正草案」案（僅進行詢答）（113年4月17日、113年4月18日為一次會）,   167,   214,https://ppg.ly.gov.tw/ppg/download/communique1/work/113/30/LCIDC01_1133001_00005.doc,1101,
113,30,,11,01,07,null,1130415,立法院第11屆第1會期交通委員會第7次全體委員會議紀錄,交通委員會第7次會議一、繼續審查行政院函請審議「電子簽章法修正草案」案；二、繼續審查委員葛如鈞等22人擬具「電子簽章法修正草案」案；三、審查委員蔡其昌等18人擬具「電子簽章法修正草案」案（113年4月15日、113年4月17日、113年4月18日為一次會）,   215,   290,https://ppg.ly.gov.tw/ppg/download/communique1/work/113/30/LCIDC01_1133001_00006.doc,1101,
113,30,,11,01,07,null,1130417,立法院第11屆第1會期交通委員會第7次全體委員會議紀錄,交通委員會第7次會議一、邀請交通部部長王國材就「花蓮地震公路、鐵路、空運、海運應變機制」進行專題報告，並備質詢；二、審查委員傅崐萁等53人擬具「國道六號東延花蓮建設特別條例草案」案（113年4月15日、113年4月17日、113年4月18日為一次會）,   291,   342,https://ppg.ly.gov.tw/ppg/download/communique1/work/113/30/LCIDC01_1133001_00007.doc,1101,
113,30,,11,01,07,null,1130418,立法院第11屆第1會期交通委員會第7次全體委員會議紀錄,交通委員會第7次會議一、審查113年度中央政府總預算關於交通部主管預算凍結案計31案；二、審查行政院函請審議「道路交通管理處罰條例第七條之一、第六十三條及第六十三條之二條文修正草案」案（113年4月15日、113年4月17日、113年4月18日為一次會）,   343,   398,https://ppg.ly.gov.tw/ppg/download/communique1/work/113/30/LCIDC01_1133001_00008.doc,1101,
113,31,,11,01,01,null,1130418,立法院第11屆第1會期內政、司法及法制委員會第1次聯席會議紀錄,內政、司法及法制委員會第1次聯席會議一、審查委員高金素梅等21人擬具「地方制度法第三十三條條文修正草案」案；二、審查委員鄭天財SraKacaw等17人擬具「地方制度法第三十三條條文修正草案」案；三、審查委員賴士葆等20人擬具「地方制度法第七條之一條文修正草案」案；四、審查委員陳玉珍等18人擬具「地方制度法增訂第七條之四條文草案」案,   263,   338,https://ppg.ly.gov.tw/ppg/download/communique1/work/113/31/LCIDC01_1133101_00010.doc,1101,
113,31,,11,01,08,null,1130418,立法院第11屆第1會期經濟委員會第8次全體委員會議紀錄,經濟委員會第8次會議審查113年度中央政府總預算案附屬單位預算非營業部分關於經濟部主管：經濟作業基金、水資源作業基金、經濟特別收入基金、核能發電後端營運基金（詢答）,   339,   412,https://ppg.ly.gov.tw/ppg/download/communique1/work/113/31/LCIDC01_1133101_00011.doc,1101,
113,31,,11,01,09,null,1130418,立法院第11屆第1會期財政委員會第9次全體委員會議紀錄,財政委員會第9次會議一、處理中華民國113年度中央政府總預算決議，有關行政院主計總處預算凍結書面報告案15案；二、處理中華民國113年度中央政府總預算決議，有關第二預備金預算凍結書面報告案1案；三、處理中華民國113年度中央政府總預算決議，有關審計部主管預算凍結書面報告案11案；四、審查中華民國113年度中央政府總預算決議，有關行政院主計總處預算凍結書面報告案3案；五、審查「證券投資信託及顧問法」3案：(一)行政院函請審議、本院委員郭國文等16人擬具「證券投資信託及顧問法部分條文修正草案」等2案、(二)本院委員林楚茵等17人擬具「證券投資信託及顧問法第一條、第二條及第三條之一條文修正草案」案（僅詢答）；六、審查本院委員郭國文等16人擬具「不動產證券化條例部分條文修正草案」案（僅詢答）,   413,   478,https://ppg.ly.gov.tw/ppg/download/communique1/work/113/31/LCIDC01_1133101_00012.doc,1101,
113,31,,11,01,14,null,1130418,立法院第11屆第1會期司法及法制委員會第14次全體委員會議紀錄,司法及法制委員會第14次會議審查一、民進黨黨團擬具「立法院職權行使法部分條文修正草案」案；二、委員呂玉玲等17人擬具「立法院職權行使法第十五條之一條文修正草案」案；三、委員呂玉玲等16人擬具「立法院職權行使法增訂第二十八條之三及第二十八條之四條文草案」案；四、委員鄭天財SraKacaw等19人擬具「立法院職權行使法部分條文修正草案」案；五、委員翁曉玲等17人擬具「立法院職權行使法部分條文修正草案」案,   479,   532,https://ppg.ly.gov.tw/ppg/download/communique1/work/113/31/LCIDC01_1133101_00013.doc,1101,
113,32,,11,01,13,null,1130422,立法院第11屆第1會期內政委員會第13次全體委員會議紀錄,內政委員會第13次會議一、處理113年度中央政府總預算案有關行政院預算凍結書面報告案計8案；二、處理113年度中央政府總預算案有關不當黨產處理委員會預算凍結書面報告案計1案；三、審查113年度中央政府總預算案有關行政院預算凍結書面報告案計2案；四、審查113年度中央政府總預算案有關不當黨產處理委員會預算凍結書面報告案計2案,     1,    52,https://ppg.ly.gov.tw/ppg/download/communique1/work/113/32/LCIDC01_1133201_00002.doc,1101,
113,32,,11,01,10,null,1130422,立法院第11屆第1會期財政委員會第10次全體委員會議紀錄,財政委員會第10次會議一、審查「娛樂稅法」6案：(一)本院委員徐富癸等17人、委員陳秀寳等18人、委員羅明才等19人、委員王世堅等23人分別擬具「娛樂稅法第二條及第五條條文修正草案」等4案、(二)本院委員黃捷等19人、委員羅明才等16人分別擬廢止「娛樂稅法」等2案；二、審查「保險法」4案：(一)本院委員羅明才等17人擬具「保險法第一百四十六條之四條文修正草案」案、(二)本院委員蔡易餘等19人、委員王鴻薇等16人分別擬具「保險法第一百七十七條條文修正草案」等2案；三、審查人民請願案有關「娛樂稅法」3案,    53,   122,https://ppg.ly.gov.tw/ppg/download/communique1/work/113/32/LCIDC01_1133201_00003.doc,1101,
113,32,,11,01,08,null,1130422,立法院第11屆第1會期交通委員會第8次全體委員會議紀錄,交通委員會第8次會議一、邀請國家運輸安全調查委員會主任委員林信得列席報告業務概況，並備質詢；二、審查113年度中央政府總預算關於國家運輸安全調查委員會預算凍結案計6案,   123,   176,https://ppg.ly.gov.tw/ppg/download/communique1/work/113/32/LCIDC01_1133201_00004.doc,1101,
113,32,,11,01,15,null,1130422,立法院第11屆第1會期司法及法制委員會第15次全體委員會議紀錄,司法及法制委員會第15次會議一、審查(一)民進黨黨團擬具「立法院組織法部分條文修正草案」案、(二)委員高金素梅等23人擬具「立法院組織法第三十二條條文修正草案」案、(三)委員賴瑞隆等16人擬具「立法院組織法第三條、第五條及第三十二條條文修正草案」案、(四)委員高金素梅等17人擬具「立法院組織法第三十三條條文修正草案」案；二、審查(一)民進黨黨團擬具「立法委員行為法第七條之一及第三十條條文修正草案」案、(二)委員賴瑞隆等16人擬具「立法委員行為法部分條文修正草案」案、(三)委員范雲等18人擬具「立法委員行為法第七條條文修正草案」案；三、審查(一)民進黨黨團擬具「立法院議事規則第四十七條、第四十八條及第五十二條條文修正草案」案、(二)委員賴瑞隆等16人擬具「立法院議事規則第九條、第二十二條及第五十條條文修正草案」案,   177,   196,https://ppg.ly.gov.tw/ppg/download/communique1/work/113/32/LCIDC01_1133201_00005.doc,1101,
113,32,,11,01,08,null,1130423,立法院第11屆第1會期程序委員會第8次會議紀錄,程序委員會第8次會議審定本院第11屆第1會期第11次會議議事日程及人民請願案,   197,   250,https://ppg.ly.gov.tw/ppg/download/communique1/work/113/32/LCIDC01_1133201_00006.doc,1101,
113,32,,11,01,01,null,1130424,立法院第11屆第1會期外交及國防、司法及法制委員會第1次聯席會議紀錄,外交及國防委員會、司法及法制委員會第1次聯席會議一、審查行政院函請審議「陸海空軍懲罰法修正草案」案；二、審查本院委員徐巧芯等18人擬具「陸海空軍懲罰法部分條文修正草案」案；三、審查行政院函請審議「軍人權益事件處理法草案」案；四、審查本院委員徐巧芯等20人擬具「軍人權益事件處理法草案」案,   251,   304,https://ppg.ly.gov.tw/ppg/download/communique1/work/113/32/LCIDC01_1133201_00007.doc,1101,
113,33,,11,01,14,null,1130424,立法院第11屆第1會期內政委員會第14次全體委員會議紀錄,內政委員會第14次會議一、處理113年度中央政府總預算案有關內政部主管預算凍結書面報告案計24案；二、審查內政部函送國家住宅及都市更新中心113年度預算凍結書面報告案計1案；三、審查113年度中央政府總預算案有關內政部主管預算凍結書面報告案計6案；四、審查國籍法部分條文修正草案：(一)行政院函請審議「國籍法部分條文修正草案」案、(二)委員羅美玲等18人擬具「國籍法增訂第六條之一條文草案」案、(三)委員羅美玲等21人擬具「國籍法第四條條文修正草案」案、(四)委員蘇巧慧等18人擬具「國籍法第二條及第七條條文修正草案」案、(五)委員陳培瑜等18人擬具「國籍法增訂第六條之一條文草案」案、(六)委員鄭天財SraKacaw等19人擬具「國籍法部分條文修正草案」案、(七)委員陳玉珍等18人擬具「國籍法第四條及第七條條文修正草案」案、(八)委員林宜瑾等21人擬具「國籍法部分條文修正草案」案、(九)委員王美惠等19人擬具「國籍法部分條文修正草案」案、(十)委員吳沛憶等17人擬具「國籍法第四條條文修正草案」案、(十一)委員莊瑞雄等17人擬具「國籍法部分條文修正草案」案、(十二)委員鍾佳濱等16人擬具「國籍法部分條文修正草案」案、(十三)委員黃捷等20人擬具「國籍法第五條及第九條條文修正草案」案、(十四)委員王定宇等20人擬具「國籍法第二條及第十九條條文修正草案」案、(十五)委員林岱樺等17人擬具「國籍法第二條及第六條條文修正草案」案、(十六)台灣民眾黨黨團擬具「國籍法第四條及第七條條文修正草案」案,     1,   114,https://ppg.ly.gov.tw/ppg/download/communique1/work/113/33/LCIDC01_1133301_00002.doc,1101,
113,33,,11,01,09,null,1130424,立法院第11屆第1會期經濟委員會第9次全體委員會議紀錄,經濟委員會第9次會議一、處理或審查113年度中央政府總預算有關經濟部及所屬主管預算凍結案等21案；二、審查：(一)行政院函請審議「工廠管理輔導法第二十八條之十四、第三十一條及第三十九條條文修正草案」案、(二)本院委員黃捷等17人擬具「工廠管理輔導法部分條文修正草案」案、(三)本院委員黃建賓等17人擬具「工廠管理輔導法第二十八條之十四、第三十一條及第三十九條條文修正草案」案、(四)本院委員林思銘等23人擬具「工廠管理輔導法第二十二條及第二十九條條文修正草案」案、(五)本院委員王美惠等18人擬具「工廠管理輔導法第三十一條條文修正草案」案、(六)本院委員邱議瑩等16人擬具「工廠管理輔導法第三十一條條文修正草案」案、(七)本院委員蔡易餘等20人擬具「工廠管理輔導法第二十八條之十四、第三十一條及第三十九條條文修正草案」案、(八)本院委員馬文君等18人擬具「工廠管理輔導法第二十八條之十四及第三十一條條文修正草案」案、(九)本院委員鍾佳濱等17人擬具「工廠管理輔導法部分條文修正草案」案、(十)本院委員楊瓊瓔等16人擬具「工廠管理輔導法第二十八條之十四、第三十一條及第三十九條條文修正草案」案、(十一)本院台灣民眾黨黨團擬具「工廠管理輔導法第二十八條之十四、第三十一條及第三十九條條文修正草案」案,   115,   186,https://ppg.ly.gov.tw/ppg/download/communique1/work/113/33/LCIDC01_1133301_00003.doc,1101,
113,33,,11,01,16,null,1130424,立法院第11屆第1會期司法及法制委員會第16次全體委員會議紀錄,司法及法制委員會第16次會議邀請司法院秘書長、法務部部長率所屬相關單位列席就「如何透過行政簡化、訴訟減量與科技運用以降低基層司法體系負擔之成效與精進期程」進行專案報告，並備質詢,   187,   250,https://ppg.ly.gov.tw/ppg/download/communique1/work/113/33/LCIDC01_1133301_00004.doc,1101,
113,33,,11,01,09,null,1130424,立法院第11屆第1會期教育及文化委員會第9次全體委員會議紀錄,教育及文化委員會第9次會議一、核能安全委員會主任陳東陽、外交部、交通部、衛生福利部、農業部、海洋委員會列席就「我國周遭海域含氚廢水監控與因應」進行專題報告，並備質詢；二、審查113年度中央政府總預算有關核能安全委員會主管預算（公務預算）解凍案4案（113年4月24日、113年4月25日為一次會）,   251,   308,https://ppg.ly.gov.tw/ppg/download/communique1/work/113/33/LCIDC01_1133301_00005.doc,1101,
113,33,,11,01,09,null,1130425,立法院第11屆第1會期教育及文化委員會第9次全體委員會議紀錄,教育及文化委員會第9次會議文化部次長列席就「跨族群、跨平台、跨語言兒少服務計畫─公視第3台轉型兒少頻道」進行專題報告，並備質詢（113年4月24日、113年4月25日為一次會）,   309,   374,https://ppg.ly.gov.tw/ppg/download/communique1/work/113/33/LCIDC01_1133301_00006.doc,1101,
113,34,,11,01,17,null,1130425,立法院第11屆第1會期司法及法制委員會第17次全體委員會議紀錄,司法及法制委員會第17次會議一、繼續審查(一)民進黨黨團擬具「立法院組織法部分條文修正草案」案、(二)委員高金素梅等23人擬具「立法院組織法第三十二條條文修正草案」案、(三)委員賴瑞隆等16人擬具「立法院組織法第三條、第五條及第三十二條條文修正草案」案、(四)委員高金素梅等17人擬具「立法院組織法第三十三條條文修正草案」案；二、繼續審查(一)民進黨黨團擬具「立法委員行為法第七條之一及第三十條條文修正草案」案、(二)委員賴瑞隆等16人擬具「立法委員行為法部分條文修正草案」案、(三)委員范雲等18人擬具「立法委員行為法第七條條文修正草案」案；三、繼續審查(一)民進黨黨團擬具「立法院議事規則第四十七條、第四十八條及第五十二條條文修正草案」案、(二)委員賴瑞隆等16人擬具「立法院議事規則第九條、第二十二條及第五十條條文修正草案」案；四、(一)繼續審查民進黨黨團擬具「立法院職權行使法部分條文修正草案」案、(二)繼續審查委員呂玉玲等17人擬具「立法院職權行使法第十五條之一條文修正草案」案、(三)繼續審查委員呂玉玲等16人擬具「立法院職權行使法增訂第二十八條之三及第二十八條之四條文草案」案、(四)繼續審查委員鄭天財SraKaaw等19人擬具「立法院職權行使法部分條文修正草案」案、(五)繼續審查委員翁曉玲等17人擬具「立法院職權行使法部分條文修正草案」案、(六)審查委員羅智強等22人擬具「立法院職權行使法第二十五條條文修正草案」案,     1,   160,https://ppg.ly.gov.tw/ppg/download/communique1/work/113/34/LCIDC01_1133401_00002.doc,1101,
113,34,,11,01,13,null,1130422,立法院第11屆第1會期社會福利及衛生環境委員會第13次全體委員會議紀錄,社會福利及衛生環境委員會第13次會議邀請環境部部長、交通部、經濟部、內政部警政署就「噪音管制與加速推動排氣管噪音認證」進行專題報告，並備質詢（113年4月22日、113年4月24日、113年4月25日為一次會）,   161,   252,https://ppg.ly.gov.tw/ppg/download/communique1/work/113/34/LCIDC01_1133401_00003.doc,1101,
113,34,,11,01,13,null,1130424,立法院第11屆第1會期社會福利及衛生環境委員會第13次全體委員會議紀錄,社會福利及衛生環境委員會第13次會議一、邀請衛生福利部部長就「家暴零容忍─檢討112年家庭暴力防治法修正施行概況」進行專題報告，並備質詢；二、邀請衛生福利部部長、國家通訊傳播委員會、數位發展部、內政部警政署、法務部、文化部、金融監督管理委員會就「非法網站創意私房案件，提出兒少性影像防制具體作為、檢討報告，並就兒童及少年性剝削防制條例修正方向」進行專題報告，並備質詢（113年4月22日、113年4月24日、113年4月25日為一次會）,   253,   346,https://ppg.ly.gov.tw/ppg/download/communique1/work/113/34/LCIDC01_1133401_00004.doc,1101,
113,34,,11,01,13,null,1130425,立法院第11屆第1會期社會福利及衛生環境委員會第13次全體委員會議紀錄,社會福利及衛生環境委員會第13次會議邀請勞動部部長、法務部、原住民族委員會、內政部、衛生福利部就「就業服務法上路逾三十年，針對就業促進、歧視禁止、外國勞動力權益保障等面向進行全面檢視」進行專題報告，並備質詢（113年4月22日、113年4月24日、113年4月25日為一次會）,   347,   424,https://ppg.ly.gov.tw/ppg/download/communique1/work/113/34/LCIDC01_1133401_00005.doc,1101,
113,35,,11,01,15,null,1130429,立法院第11屆第1會期外交及國防委員會第15次全體委員會議紀錄,外交及國防委員會第15次會議邀請國軍退除役官兵輔導委員會主任委員馮世寬報告「退輔會服務照顧及相關救補助精進作為」，並備質詢,   267,   308,https://ppg.ly.gov.tw/ppg/download/communique1/work/113/35/LCIDC01_1133501_00008.doc,1101,
113,35,,11,01,09,null,1130429,立法院第11屆第1會期交通委員會第9次全體委員會議紀錄,交通委員會第9次會議繼續審查行政院函請審議「道路交通管理處罰條例第七條之一、第六十三條及第六十三條之二條文修正草案」案,   309,   334,https://ppg.ly.gov.tw/ppg/download/communique1/work/113/35/LCIDC01_1133501_00009.doc,1101,
113,35,,11,01,18,null,1130429,立法院第11屆第1會期司法及法制委員會第18次全體委員會議紀錄,司法及法制委員會第18次會議審查委員徐巧芯等17人擬具「監察院組織法第三條之一及第三條之二條文修正草案」案,   335,   386,https://ppg.ly.gov.tw/ppg/download/communique1/work/113/35/LCIDC01_1133501_00010.doc,1101,
113,35,,11,01,09,null,1130430,立法院第11屆第1會期程序委員會第9次會議紀錄,程序委員會第9次會議審定本院第11屆第1會期第12次會議議事日程及人民請願案,   387,   426,https://ppg.ly.gov.tw/ppg/download/communique1/work/113/35/LCIDC01_1133501_00011.doc,1101,
113,35,,11,01,null,null,1130506,立法院第11屆第1會期外交及國防、司法及法制委員會「陸海空軍懲罰法修正草案及軍人權益事件處理法草案」公聽會紀錄,外交及國防、司法及法制委員會「陸海空軍懲罰法修正草案及軍人權益事件處理法草案」公聽會,   427,   484,https://ppg.ly.gov.tw/ppg/download/communique1/work/113/35/LCIDC01_1133501_00012.doc,1101,
113,36,,11,01,16,null,1130501,立法院第11屆第1會期外交及國防委員會第16次全體委員會議紀錄,外交及國防委員會第16次會議邀請國家安全局局長蔡明彥、行政院國土安全辦公室報告「如何強化國家關鍵基礎設施之韌性，以因應國安新型態風險威脅」，並備質詢,     1,    50,https://ppg.ly.gov.tw/ppg/download/communique1/work/113/36/LCIDC01_1133601_00002.doc,1101,
113,36,,11,01,11,null,1130501,立法院第11屆第1會期財政委員會第11次全體委員會議紀錄,財政委員會第11次會議邀請行政院主計總處朱主計長澤民、財政部莊部長翠雲、經濟部、國家發展委員會、勞動部就「如何改善受僱人員報酬占GDP比重偏低現象，導引企業與勞工共享獲利，提升我國勞工實質薪資」進行專題報告，並備質詢,    51,   122,https://ppg.ly.gov.tw/ppg/download/communique1/work/113/36/LCIDC01_1133601_00003.doc,1101,
113,36,,11,01,null,null,1130502,立法院第11屆第1會期司法及法制委員會「失控的正義1─又要我們『共體時艱』！如何簡化偵查、審判訴訟程序與書類製作及人力增補」公聽會紀錄,司法及法制委員會公聽會「失控的正義1─又要我們『共體時艱』！如何簡化偵查、審判訴訟程序與書類製作及人力增補」公聽會,   123,   344,https://ppg.ly.gov.tw/ppg/download/communique1/work/113/36/LCIDC01_1133601_00004.doc,1101,
113,36,,11,01,15,null,1130429,立法院第11屆第1會期內政委員會第15次全體委員會議紀錄,內政委員會第15次會議一、「新住民權益保障法草案」及「新住民基本法草案」：(一)審查委員羅美玲等22人擬具「新住民權益保障法草案」案、(二)審查台灣民眾黨黨團擬具「新住民基本法草案」案、(三)審查委員張智倫等18人擬具「新住民基本法草案」案、(四)審查國民黨黨團擬具「新住民基本法草案」案、(五)審查委員蘇巧慧等26人擬具「新住民基本法草案」案；二、繼續審查委員鄭天財SraKacaw等20人擬具「原住民族基本法增訂第二十條之一條文草案」案（113年4月29日、113年5月1日為一次會）,   345,   448,https://ppg.ly.gov.tw/ppg/download/communique1/work/113/36/LCIDC01_1133601_00005.doc,1101,
113,36,,11,01,15,null,1130501,立法院第11屆第1會期內政委員會第15次全體委員會議紀錄,內政委員會第15次會議邀請內政部、交通部、大陸委員會、財團法人海峽交流基金會、原住民族委員會就「針對陸方開放大陸觀光客來台具體回應及作為」進行專題報告，並備質詢（113年4月29日、113年5月1日為一次會）,   449,   506,https://ppg.ly.gov.tw/ppg/download/communique1/work/113/36/LCIDC01_1133601_00006.doc,1101,
113,37,,11,01,01,null,1130501,立法院第11屆第1會期司法及法制、交通委員會第1次聯席會議紀錄,司法及法制、交通委員會第1次聯席會議併案審查(一)委員傅崐萁等33人擬具「國家通訊傳播委員會組織法第四條條文修正草案」案、(二)委員傅崐萁等41人擬具「國家通訊傳播委員會組織法第四條、第八條及第十條條文修正草案」案、(三)委員洪孟楷等25人擬具「國家通訊傳播委員會組織法第四條及第十條條文修正草案」案、(四)委員翁曉玲等18人擬具「國家通訊傳播委員會組織法第四條條文修正草案」案,     1,   130,https://ppg.ly.gov.tw/ppg/download/communique1/work/113/37/LCIDC01_1133701_00002.doc,1101,
113,37,,11,01,01,null,1130429,立法院第11屆第1會期社會福利及衛生環境、司法及法制委員會第1次聯席會議紀錄,社會福利及衛生環境、司法及法制委員會第1次聯席會議審查一、委員黃捷等20人擬具「兒童及少年性剝削防制條例第三十六條、第三十九條及第五十一條條文修正草案」案；二、委員林岱樺等20人擬具「兒童及少年性剝削防制條例第八條、第三十九條及第四十七條條文修正草案」案；三、委員陳亭妃等16人擬具「兒童及少年性剝削防制條例第二條、第三十九條及第四十四條條文修正草案」案；四、委員蘇清泉等24人擬具「兒童及少年性剝削防制條例第三十九條條文修正草案」案；五、委員郭昱晴等16人擬具「兒童及少年性剝削防制條例第三十八條及第三十九條條文修正草案」案；六、委員葛如鈞等16人擬具「兒童及少年性剝削防制條例第三十九條及第四十四條條文修正草案」案；七、委員徐巧芯等24人擬具「兒童及少年性剝削防制條例部分條文修正草案」案；八、委員陳冠廷等18人擬具「兒童及少年性剝削防制條例部分條文修正草案」案；九、委員黃健豪等17人擬具「兒童及少年性剝削防制條例部分條文修正草案」案；十、委員林宜瑾等26人擬具「兒童及少年性剝削防制條例增訂第三十九條之一條文草案」案；十一、委員李坤城等22人擬具「兒童及少年性剝削防制條例部分條文修正草案」案；十二、委員沈伯洋等19人擬具「兒童及少年性剝削防制條例第三十九條條文修正草案」案；十三、委員廖偉翔等17人擬具「兒童及少年性剝削防制條例第三十條條文修正草案」案；十四、委員廖偉翔等18人擬具「兒童及少年性剝削防制條例第三十九條及第四十四條條文修正草案」案；十五、委員廖偉翔等17人擬具「兒童及少年性剝削防制條例增訂第四十一條之一條文草案」案；十六、委員王育敏等19人擬具「兒童及少年性剝削防制條例部分條文修正草案」案；十七、委員黃建賓等18人擬具「兒童及少年性剝削防制條例第三十九條及第五十一條條文修正草案」案；十八、委員許宇甄等26人擬具「兒童及少年性剝削防制條例第二條及第三十八條條文修正草案」案；十九、委員王世堅等16人擬具「兒童及少年性剝削防制條例部分條文修正草案」案；二十、委員陳菁徽等16人擬具「兒童及少年性剝削防制條例部分條文修正草案」案；二十一、委員王美惠等18人擬具「兒童及少年性剝削防制條例第三十九條條文修正草案」案；二十二、國民黨黨團擬具「兒童及少年性剝削防制條例部分條文修正草案」案；二十三、委員王鴻薇等21人擬具「兒童及少年性剝削防制條例部分條文修正草案」案；二十四、委員萬美玲等20人擬具「兒童及少年性剝削防制條例第四十四條、第五十一條及第五十三條之一條文修正草案」案；二十五、委員賴士葆等22人擬具「兒童及少年性剝削防制條例第三十九條條文修正草案」案；二十六、委員鍾佳濱等19人擬具「兒童及少年性剝削防制條例部分條文修正草案」案；二十七、委員何欣純等16人擬具「兒童及少年性剝削防制條例第三十九條及第五十一條條文修正草案」案；二十八、委員劉建國等16人擬具「兒童及少年性剝削防制條例部分條文修正草案」案；二十九、委員柯志恩等19人擬具「兒童及少年性剝削防制條例部分條文修正草案」案；三十、委員陳素月等18人擬具「兒童及少年性剝削防制條例部分條文修正草案」案；三十一、委員范雲等17人擬具「兒童及少年性剝削防制條例部分條,   131,   356,https://ppg.ly.gov.tw/ppg/download/communique1/work/113/37/LCIDC01_1133701_00003.doc,1101,
113,37,,11,01,01,null,1130501,立法院第11屆第1會期社會福利及衛生環境、司法及法制委員會第1次聯席會議紀錄,社會福利及衛生環境、司法及法制委員會第1次聯席會議審查一、委員黃捷等20人擬具「兒童及少年性剝削防制條例第三十六條、第三十九條及第五十一條條文修正草案」案；二、委員林岱樺等20人擬具「兒童及少年性剝削防制條例第八條、第三十九條及第四十七條條文修正草案」案；三、委員陳亭妃等16人擬具「兒童及少年性剝削防制條例第二條、第三十九條及第四十四條條文修正草案」案；四、委員蘇清泉等24人擬具「兒童及少年性剝削防制條例第三十九條條文修正草案」案；五、委員郭昱晴等16人擬具「兒童及少年性剝削防制條例第三十八條及第三十九條條文修正草案」案；六、委員葛如鈞等16人擬具「兒童及少年性剝削防制條例第三十九條及第四十四條條文修正草案」案；七、委員徐巧芯等24人擬具「兒童及少年性剝削防制條例部分條文修正草案」案；八、委員陳冠廷等18人擬具「兒童及少年性剝削防制條例部分條文修正草案」案；九、委員黃健豪等17人擬具「兒童及少年性剝削防制條例部分條文修正草案」案；十、委員林宜瑾等26人擬具「兒童及少年性剝削防制條例增訂第三十九條之一條文草案」案；十一、委員李坤城等22人擬具「兒童及少年性剝削防制條例部分條文修正草案」案；十二、委員沈伯洋等19人擬具「兒童及少年性剝削防制條例第三十九條條文修正草案」案；十三、委員廖偉翔等17人擬具「兒童及少年性剝削防制條例第三十條條文修正草案」案；十四、委員廖偉翔等18人擬具「兒童及少年性剝削防制條例第三十九條及第四十四條條文修正草案」案；十五、委員廖偉翔等17人擬具「兒童及少年性剝削防制條例增訂第四十一條之一條文草案」案；十六、委員王育敏等19人擬具「兒童及少年性剝削防制條例部分條文修正草案」案；十七、委員黃建賓等18人擬具「兒童及少年性剝削防制條例第三十九條及第五十一條條文修正草案」案；十八、委員許宇甄等26人擬具「兒童及少年性剝削防制條例第二條及第三十八條條文修正草案」案；十九、委員王世堅等16人擬具「兒童及少年性剝削防制條例部分條文修正草案」案；二十、委員陳菁徽等16人擬具「兒童及少年性剝削防制條例部分條文修正草案」案；二十一、委員王美惠等18人擬具「兒童及少年性剝削防制條例第三十九條條文修正草案」案；二十二、國民黨黨團擬具「兒童及少年性剝削防制條例部分條文修正草案」案；二十三、委員王鴻薇等21人擬具「兒童及少年性剝削防制條例部分條文修正草案」案；二十四、委員萬美玲等20人擬具「兒童及少年性剝削防制條例第四十四條、第五十一條及第五十三條之一條文修正草案」案；二十五、委員賴士葆等22人擬具「兒童及少年性剝削防制條例第三十九條條文修正草案」案；二十六、委員鍾佳濱等19人擬具「兒童及少年性剝削防制條例部分條文修正草案」案；二十七、委員何欣純等16人擬具「兒童及少年性剝削防制條例第三十九條及第五十一條條文修正草案」案；二十八、委員劉建國等16人擬具「兒童及少年性剝削防制條例部分條文修正草案」案；二十九、委員柯志恩等19人擬具「兒童及少年性剝削防制條例部分條文修正草案」案；三十、委員陳素月等18人擬具「兒童及少年性剝削防制條例部分條文修正草案」案；三十一、委員范雲等17人擬具「兒童及少年性剝削防制條例部分條,   357,   440,https://ppg.ly.gov.tw/ppg/download/communique1/work/113/37/LCIDC01_1133701_00004.doc,1101,
113,38,,11,01,16,null,1130502,立法院第11屆第1會期內政委員會第16次全體委員會議紀錄,內政委員會第16次會議一、審查委員高金素梅等24人擬具「姓名條例部分條文修正草案」案；二、審查委員鄭天財SraKacaw等21人擬具「姓名條例部分條文修正草案」案；三、審查委員伍麗華SaidhaiTahovecahe等16人擬具「姓名條例第二條及第四條條文修正草案」案,     1,    72,https://ppg.ly.gov.tw/ppg/download/communique1/work/113/38/LCIDC01_1133801_00002.doc,1101,
113,38,,11,01,17,null,1130502,立法院第11屆第1會期外交及國防委員會第17次全體委員會議紀錄,外交及國防委員會第17次會議邀請外交部部長吳釗燮報告「外交部如何構建友善工作環境暨人員心理輔導具體做法」，並備質詢,    73,   104,https://ppg.ly.gov.tw/ppg/download/communique1/work/113/38/LCIDC01_1133801_00003.doc,1101,
113,38,,11,01,null,null,1130506,立法院第11屆第1會期社會福利及衛生環境委員會舉行「全民健康保險醫療給付費用總額之現況與展望」公聽會紀錄,社會福利及衛生環境委員會舉行「全民健康保險醫療給付費用總額之現況與展望」公聽會,   105,   168,https://ppg.ly.gov.tw/ppg/download/communique1/work/113/38/LCIDC01_1133801_00004.doc,1101,
113,38,,11,01,10,null,1130429,立法院第11屆第1會期經濟委員會第10次全體委員會議紀錄,經濟委員會第10次會議繼續審查113年度中央政府總預算案附屬單位預算營業部分關於經濟部主管：台灣自來水股份有限公司（處理）（113年4月29日、113年5月1日、113年5月2日為一次會）,   169,   194,https://ppg.ly.gov.tw/ppg/download/communique1/work/113/38/LCIDC01_1133801_00005.doc,1101,
113,38,,11,01,10,null,1130501,立法院第11屆第1會期經濟委員會第10次全體委員會議紀錄,經濟委員會第10次會議繼續審查113年度中央政府總預算案附屬單位預算非營業部分關於經濟部主管：經濟作業基金、水資源作業基金、經濟特別收入基金、核能發電後端營運基金（處理）（113年4月29日、113年5月1日、113年5月2日為一次會）,   195,   418,https://ppg.ly.gov.tw/ppg/download/communique1/work/113/38/LCIDC01_1133801_00006.doc,1101,
113,38,,11,01,10,null,1130502,立法院第11屆第1會期經濟委員會第10次全體委員會議紀錄,經濟委員會第10次會議審查：一、行政院函請審議「中小企業發展條例部分條文修正草案」案；二、本院委員柯志恩等17人擬具「中小企業發展條例第三十六條之二條文修正草案」案；三、本院委員賴士葆等19人擬具「中小企業發展條例第三十六條之二條文修正草案」案；四、本院委員楊瓊瓔等16人擬具「中小企業發展條例第三十六條之二條文修正草案」案；五、本院委員楊瓊瓔等16人擬具「中小企業發展條例增訂第三十六條之四條文草案」案；六、本院台灣民眾黨黨團擬具「中小企業發展條例部分條文修正草案」案；七、本院國民黨黨團擬具「中小企業發展條例第三十六條之二條文修正草案」案；八、本院委員張智倫等19人擬具「中小企業發展條例第三十五條、第三十六條之二及第四十條條文修正草案」案；九、本院委員王世堅等16人擬具「中小企業發展條例第三十五條、第三十六條之二及第四十條條文修正草案」案；十、本院委員郭國文等19人擬具「中小企業發展條例第三十六條之二條文修正草案」案；十一、本院委員邱議瑩等29人擬具「中小企業發展條例部分條文修正草案」案（113年4月29日、113年5月1日、113年5月2日為一次會）,   419,   510,https://ppg.ly.gov.tw/ppg/download/communique1/work/113/38/LCIDC01_1133801_00007.doc,1101,
113,39,,11,01,01,null,1130502,立法院第11屆第1會期財政、內政、經濟、教育及文化、交通、社會福利及衛生環境委員會第1次聯席會議紀錄,財政、內政、經濟、教育及文化、交通、社會福利及衛生環境委員會第1次聯席會議審查或處理「中央政府前瞻基礎建設計畫第4期特別預算（112至113年度）」及「中央政府疫後強化經濟與社會韌性及全民共享經濟成果特別預算」決議：一、有關教育部主管預算凍結書面報告案4案；二、有關經濟部主管預算凍結書面報告案9案；三、有關交通部主管預算凍結書面報告案14案；四、有關行政院農業委員會主管預算凍結書面報告案3案；五、有關衛生福利部主管預算凍結書面報告案11案；六、有關文化部主管預算凍結書面報告案1案；七、有關數位發展部主管預算凍結書面報告案7案；八、有關原住民族委員會預算凍結書面報告案1案；九、有關內政部主管預算凍結書面報告案3案；十、有關行政院環境保護署預算凍結書面報告案1案；十一、有關國家科學及技術委員會主管預算凍結書面報告案2案,     1,   122,https://ppg.ly.gov.tw/ppg/download/communique1/work/113/39/LCIDC01_1133901_00002.doc,1101,
113,39,,11,01,10,null,1130502,立法院第11屆第1會期交通委員會第10次全體委員會議紀錄,交通委員會第10次會議一、邀請行政院公共工程委員會、勞動部就「公共工程職業安全衛生改善暨降低職業災害辦理情形」進行專題報告，並備質詢；二、審查113年度中央政府總預算關於行政院公共工程委員會預算凍結案計7案,   123,   166,https://ppg.ly.gov.tw/ppg/download/communique1/work/113/39/LCIDC01_1133901_00003.doc,1101,
113,39,,11,01,14,null,1130502,立法院第11屆第1會期社會福利及衛生環境委員會第14次全體委員會議紀錄,社會福利及衛生環境委員會第14次會議審查一、委員王育敏等18人擬具「全民健康保險法第六十二條條文修正草案」案；二、委員蘇清泉等27人擬具「全民健康保險法第六十二條條文修正草案」案；三、國民黨黨團擬具「全民健康保險法第六十二條條文修正草案」案,   167,   242,https://ppg.ly.gov.tw/ppg/download/communique1/work/113/39/LCIDC01_1133901_00004.doc,1101,
113,39,,11,01,10,null,1130429,立法院第11屆第1會期教育及文化委員會第10次全體委員會議紀錄,教育及文化委員會第10次會議邀請文化部、教育部、內政部、法務部、金融監督管理委員會、數位發展部及行政院主計總處列席就「表演及運動賽事黃牛票氾濫，相關單位取締、防範及執法成效」進行專題報告，並備質詢（113年4月29日、113年5月2日為一次會）,   243,   310,https://ppg.ly.gov.tw/ppg/download/communique1/work/113/39/LCIDC01_1133901_00005.doc,1101,
113,39,,11,01,10,null,1130502,立法院第11屆第1會期教育及文化委員會第10次全體委員會議紀錄,教育及文化委員會第10次會議一、邀請教育部列席就「『偏遠地區學校教育發展條例』施行迄今之成效及檢討」進行專題報告，並備質詢；二、審查(一)委員柯志恩等18人擬具「偏遠地區學校教育發展條例第八條條文修正草案」案、(二)委員魯明哲等24人擬具「偏遠地區學校教育發展條例第十六條條文修正草案」案、(三)委員馬文君等17人擬具「偏遠地區學校教育發展條例第十六條及第十九條條文修正草案」案、(四)委員盧縣一等20人擬具「偏遠地區學校教育發展條例第八條、第十二條及第二十一條條文修正草案」案（僅進行詢答）（113年4月29日、113年5月2日為一次會）,   311,   378,https://ppg.ly.gov.tw/ppg/download/communique1/work/113/39/LCIDC01_1133901_00006.doc,1101,
113,40,二,11,01,19,null,1130506,立法院第11屆第1會期司法及法制委員會第19次全體委員會議紀錄,司法及法制委員會第19次會議一、繼續審查(一)民進黨黨團擬具「立法委員行為法第七條之一及第三十條條文修正草案」案、(二)委員賴瑞隆等16人擬具「立法委員行為法部分條文修正草案」案、(三)委員范雲等18人擬具「立法委員行為法第七條條文修正草案」案；二、繼續審查民進黨黨團擬具「立法院議事規則第四十七條、第四十八條及第五十二條條文修正草案」案,   371,   392,https://ppg.ly.gov.tw/ppg/download/communique1/work/113/40/LCIDC01_1134002_00011.doc,1101,
113,40,二,11,01,10,null,1130507,立法院第11屆第1會期程序委員會第10次會議紀錄,程序委員會第10次會議審定本院第11屆第1會期第13次會議議事日程及人民請願案,   393,   446,https://ppg.ly.gov.tw/ppg/download/communique1/work/113/40/LCIDC01_1134002_00012.doc,1101,
113,41,,11,01,01,null,1130506,立法院第11屆第1會期財政、內政委員會第1次聯席會議紀錄,財政、內政委員會第1次聯席會議審查本院委員賴士葆等22人、委員傅崐萁等20人分別擬具「地方稅法通則第四條條文修正草案」等2案,     1,    58,https://ppg.ly.gov.tw/ppg/download/communique1/work/113/41/LCIDC01_1134101_00002.doc,1101,
113,41,,11,01,11,null,1130506,立法院第11屆第1會期交通委員會第11次全體委員會議紀錄,交通委員會第11次會議邀請交通部部長王國材「針對台鐵票價上漲暨列車準點率提升作為」進行專題報告，並備質詢,    59,   108,https://ppg.ly.gov.tw/ppg/download/communique1/work/113/41/LCIDC01_1134101_00003.doc,1101,
113,41,,11,01,11,null,1130508,立法院第11屆第1會期經濟委員會第11次全體委員會議紀錄,經濟委員會第11次會議一、審查113年度中央政府總預算有關農業部及所屬主管預算凍結案等3案；二、審查本院委員陳冠廷等30人擬具「農產品市場交易法第三十五條條文修正草案」案,   109,   198,https://ppg.ly.gov.tw/ppg/download/communique1/work/113/41/LCIDC01_1134101_00004.doc,1101,
113,41,,11,01,20,null,1130508,立法院第11屆第1會期司法及法制委員會第20次全體委員會議紀錄,司法及法制委員會第20次會議一、繼續審查(一)民進黨黨團擬具「立法委員行為法第七條之一及第三十條條文修正草案」案、(二)委員賴瑞隆等16人擬具「立法委員行為法部分條文修正草案」案、(三)委員范雲等18人擬具「立法委員行為法第七條條文修正草案」案；二、繼續審查民進黨黨團擬具「立法院議事規則第四十七條、第四十八條及第五十二條條文修正草案」案；三、繼續審查民進黨黨團擬具「立法院職權行使法部分條文修正草案」案,   199,   224,https://ppg.ly.gov.tw/ppg/download/communique1/work/113/41/LCIDC01_1134101_00005.doc,1101,
113,41,,11,01,null,null,1130509,立法院第11屆第1會期教育及文化委員會「青年基本法草案」公聽會紀錄,教育及文化委員會會議「青年基本法草案」公聽會,   225,   276,https://ppg.ly.gov.tw/ppg/download/communique1/work/113/41/LCIDC01_1134101_00006.doc,1101,
113,42,一,11,01,18,null,1130508,立法院第11屆第1會期外交及國防委員會第18次全體委員會議紀錄,外交及國防委員會第18次會議一、處理院會交付113年度中央政府總預算決議，國防部主管預算凍結案等89案；二、處理院會交付113年度中央政府總預算決議，外交部主管預算凍結案等16案；三、處理院會交付113年度中央政府總預算決議，國家安全局預算凍結案等9案；四、處理院會交付113年度中央政府總預算決議，僑務委員會主管預算凍結案等13案；五、處理院會交付113年度中央政府總預算決議，國軍退除役官兵輔導委員會主管預算凍結案等14案,     1,    68,https://ppg.ly.gov.tw/ppg/download/communique1/work/113/42/LCIDC01_1134201_00002.doc,1101,
113,42,一,11,01,17,null,1130508,立法院第11屆第1會期內政委員會第17次全體委員會議紀錄,內政委員會第17次會議一、審查委員楊瓊瓔等20人「地方民意代表費用支給及村里長事務補助費補助條例第六條條文修正草案」案；二、審查委員黃捷等22人擬具「地方民意代表費用支給及村里長事務補助費補助條例第六條條文修正草案」案；三、審查委員吳沛憶等20人擬具「地方民意代表費用支給及村里長事務補助費補助條例第六條條文修正草案」案；四、審查委員鄭天財SraKacaw等19人擬具「地方民意代表費用支給及村里長事務補助費補助條例部分條文修正草案」案；五、審查委員羅智強等25人擬具「地方民意代表費用支給及村里長事務補助費補助條例第六條條文修正草案」案；六、審查委員羅美玲等18人擬具「地方民意代表費用支給及村里長事務補助費補助條例第六條條文修正草案」案；七、審查委員呂玉玲等19人擬具「地方民意代表費用支給及村里長事務補助費補助條例第六條條文修正草案」案；八、審查委員吳思瑤等17人擬具「地方民意代表費用支給及村里長事務補助費補助條例第六條條文修正草案」案；九、審查委員陳超明等18人擬具「地方民意代表費用支給及村里長事務補助費補助條例增訂第七條之一條文草案」案；十、審查委員李柏毅等17人擬具「地方民意代表費用支給及村里長事務補助費補助條例第六條條文修正草案」案；十一、審查委員黃健豪等17人擬具「地方民意代表費用支給及村里長事務補助費補助條例增訂第七條之一條文草案」案；十二、審查委員徐巧芯等28人擬具「地方民意代表費用支給及村里長事務補助費補助條例第六條條文修正草案」案；十三、審查委員莊瑞雄等18人擬具「地方民意代表費用支給及村里長事務補助費補助條例第六條條文修正草案」案；十四、審查委員高金素梅等29人擬具「地方民意代表費用支給及村里長事務補助費補助條例第七條條文修正草案」案；十五、審查委員林思銘等26人擬具「地方民意代表費用支給及村里長事務補助費補助條例第六條條文修正草案」案；十六、審查委員王美惠等17人擬具「地方民意代表費用支給及村里長事務補助費補助條例第六條條文修正草案」案；十七、審查委員盧縣一等19人擬具「地方民意代表費用支給及村里長事務補助費補助條例第六條、第七條及第九條條文修正草案」案；十八、審查委員蔡易餘等19人擬具「地方民意代表費用支給及村里長事務補助費補助條例第六條條文修正草案」案；十九、審查委員范雲等17人擬具「地方民意代表費用支給及村里長事務補助費補助條例第六條條文修正草案」案；二十、審查委員許宇甄等16人擬具「地方民意代表費用支給及村里長事務補助費補助條例第七條條文修正草案」案；二十一、審查委員黃秀芳等19人擬具「地方民意代表費用支給及村里長事務補助費補助條例第六條條文修正草案」案；二十二、審查委員鍾佳濱等27人擬具「地方民意代表費用支給及村里長事務補助費補助條例第六條條文修正草案」案；二十三、審查委員陳瑩等17人擬具「地方民意代表費用支給及村里長事務補助費補助條例第五條、第六條及第七條條文修正草案」案；二十四、審查委員伍麗華SaidhaiTahovecahe等17人擬具「地方民意代表費用支給及村里長事務補助費補助條例第六條條文修正草案」案；二十五、審查委員陳素月等21人擬具「,    69,   276,https://ppg.ly.gov.tw/ppg/download/communique1/work/113/42/LCIDC01_1134201_00003.doc,1101,
113,42,二,11,01,17,null,1130509,立法院第11屆第1會期內政委員會第17次全體委員會議紀錄,內政委員會第17次會議一、繼續審查行政院函請審議「海洋保育法草案」案；二、繼續審查委員楊瓊瓔等20人擬具「海洋保育法草案」案；三、繼續審查委員伍麗華SaidhaiTahovecahe等16人擬具「海洋保育法草案」案；四、繼續審查委員王美惠等17人擬具「海洋保育法草案」案；五、繼續審查委員黃捷等18人擬具「海洋保育法草案」案；六、繼續審查委員羅廷瑋等18人擬具「海洋保育法草案」案；七、繼續審查委員鄭天財SraKacaw等19人擬具「海洋保育法草案」案；八、繼續審查委員蘇巧慧等16人擬具「海洋保育法草案」案；九、繼續審查委員羅美玲等17人擬具「海洋保育法草案」案；十、繼續審查委員許宇甄等20人擬具「海洋保育法草案」案；十一、繼續審查委員莊瑞雄等20人擬具「海洋保育法草案」案；十二、審查委員洪申翰等16人擬具「海洋保育法草案」案；十三、審查台灣民眾黨黨團擬具「海洋保育法草案」案；十四、審查委員賴瑞隆等18人擬具「海洋保育法草案」案；十五、審查委員高金素梅等22人擬具「海洋保育法草案」案；十六、審查委員陳亭妃等16人擬具「海洋保育法草案」案；十七、審查委員蔡易餘等19人擬具「海洋保育法草案」案；十八、審查委員吳琪銘等18人擬具「海洋保育法草案」案；（113年5月8日、113年5月9日為一次會）,     1,   474,https://ppg.ly.gov.tw/ppg/download/communique1/work/113/42/LCIDC01_1134202_00002.doc,1101,
113,42,三,11,01,02,null,1130508,立法院第11屆第1會期外交及國防、司法及法制委員會第2次聯席會議紀錄,委員會紀錄外交及國防、司法及法制委員會第2次聯席會議一、行政院函請審議「陸海空軍懲罰法修正草案」案；二、本院委員徐巧芯等18人擬具「陸海空軍懲罰法部分條文修正草案」案；三、行政院函請審議「軍人權益事件處理法草案」案；四、本院委員徐巧芯等20人擬具「軍人權益事件處理法草案」案（逐條審查）（113年5月8日、113年5月9日為一次會）,     1,   282,https://ppg.ly.gov.tw/ppg/download/communique1/work/113/42/LCIDC01_1134203_00002.doc,1101,
113,42,三,11,01,02,null,1130509,立法院第11屆第1會期外交及國防、司法及法制委員會第2次聯席委員會議紀錄,委員會紀錄外交及國防、司法及法制委員會第2次聯席會議繼續審查：一、行政院函請審議「陸海空軍懲罰法修正草案」案；二、本院委員徐巧芯等18人擬具「陸海空軍懲罰法部分條文修正草案」案；三、行政院函請審議「軍人權益事件處理法草案」案；四、本院委員徐巧芯等20人擬具「軍人權益事件處理法草案」案（逐條審查）（113年5月8日、113年5月9日為一次會）,   283,   312,https://ppg.ly.gov.tw/ppg/download/communique1/work/113/42/LCIDC01_1134203_00003.doc,1101,
113,43,,11,01,11,null,1130508,立法院第11屆第1會期教育及文化委員會第11次全體委員會議紀錄,教育及文化委員會第11次會議邀請國立故宮博物院院長蕭宗煌列席就「回首百年放眼未來─故宮定位與部會級博物館公共責任總檢討」進行專題報告，並備質詢,     1,    64,https://ppg.ly.gov.tw/ppg/download/communique1/work/113/43/LCIDC01_1134301_00002.doc,1101,
113,43,,11,01,21,null,1130509,立法院第11屆第1會期司法及法制委員會第21次全體委員會議紀錄,司法及法制委員會第21次會議一、邀請司法院、法務部及金融監督管理委員會率所屬相關單位列席就「強制執行保單解約償債未符比例原則紛爭頻傳亂象如何解」進行專題報告，並備質詢；二、處理113年度中央政府總預算關於司法院及所屬主管預算凍結項目共8案,    65,   122,https://ppg.ly.gov.tw/ppg/download/communique1/work/113/43/LCIDC01_1134301_00003.doc,1101,
113,43,,11,01,18,null,1130513,立法院第11屆第1會期內政委員會第18次全體委員會議紀錄,內政委員會第18次會議一、邀請原住民族委員會主任委員、財團法人原住民族文化事業基金會董事長、財團法人原住民族語言研究發展基金會董事長就「搬遷原住民族語言傳播大樓整備事宜暨調動工作地點後員工各項權益是否合乎勞動基準法」進行專題報告，並備質詢；二、邀請原住民族委員會主任委員、財團法人原住民族文化事業基金會董事長、客家委員會主任委員、財團法人客家公共傳播基金會董事長就「營運情形暨如何因應新媒體發展趨勢」進行專題報告，並備質詢,   123,   190,https://ppg.ly.gov.tw/ppg/download/communique1/work/113/43/LCIDC01_1134301_00004.doc,1101,
113,43,,11,01,15,null,1130508,立法院第11屆第1會期社會福利及衛生環境委員會第15次全體委員會議紀錄,社會福利及衛生環境委員會第15次會議一、(一)審查行政院函請審議「再生醫療法草案」案、(二)繼續審查委員邱議瑩等25人擬具「再生醫療法草案」案、(三)繼續審查委員謝衣鳯等19人擬具「再生醫療發展法草案」案、(四)繼續審查委員羅廷瑋等21人擬具「再生醫療法草案」案、(五)審查委員黃秀芳等18人擬具「再生醫療法草案」案、(六)審查委員王正旭等20人擬具「再生醫療法草案」案、(七)審查台灣民眾黨黨團擬具「再生醫療法草案」案、(八)審查委員陳菁徽等19人擬具「再生醫療法草案」案、(九)審查委員楊瓊瓔等25人擬具「再生醫療法草案」案；二、(一)審查行政院函請審議「再生醫療製劑條例草案」案、(二)繼續審查委員邱議瑩等25人擬具「再生醫療製劑條例草案」案、(三)繼續審查委員謝衣鳯等18人擬具「再生醫療製劑管理條例草案」案、(四)繼續審查委員羅廷瑋等21人擬具「再生醫療製劑管理條例草案」案、(五)審查委員劉建國等17人擬具「再生醫療製劑管理條例草案」案、(六)審查委員黃秀芳等18人擬具「再生醫療製劑條例草案」案、(七)審查委員王正旭等20人擬具「再生醫療製劑條例草案」案、(八)審查台灣民眾黨黨團擬具「再生醫療製劑條例草案」案、(九)審查委員楊瓊瓔等26人擬具「再生醫療製劑條例草案」案（113年5月8日、113年5月9日為一次會）,   191,   452,https://ppg.ly.gov.tw/ppg/download/communique1/work/113/43/LCIDC01_1134301_00005.doc,1101,
113,43,,11,01,15,null,1130509,立法院第11屆第1會期社會福利及衛生環境委員會第15次全體委員會議紀錄,社會福利及衛生環境委員會第15次會議一、(一)審查行政院函請審議「再生醫療法草案」案、(二)繼續審查委員邱議瑩等25人擬具「再生醫療法草案」案、(三)繼續審查委員謝衣鳯等19人擬具「再生醫療發展法草案」案、(四)繼續審查委員羅廷瑋等21人擬具「再生醫療法草案」案、(五)審查委員黃秀芳等18人擬具「再生醫療法草案」案、(六)審查委員王正旭等20人擬具「再生醫療法草案」案、(七)審查台灣民眾黨黨團擬具「再生醫療法草案」案、(八)審查委員陳菁徽等19人擬具「再生醫療法草案」案、(九)審查委員楊瓊瓔等25人擬具「再生醫療法草案」案；二、(一)審查行政院函請審議「再生醫療製劑條例草案」案、(二)繼續審查委員邱議瑩等25人擬具「再生醫療製劑條例草案」案、(三)繼續審查委員謝衣鳯等18人擬具「再生醫療製劑管理條例草案」案、(四)繼續審查委員羅廷瑋等21人擬具「再生醫療製劑管理條例草案」案、(五)審查委員劉建國等17人擬具「再生醫療製劑管理條例草案」案、(六)審查委員黃秀芳等18人擬具「再生醫療製劑條例草案」案、(七)審查委員王正旭等20人擬具「再生醫療製劑條例草案」案、(八)審查台灣民眾黨黨團擬具「再生醫療製劑條例草案」案、(九)審查委員楊瓊瓔等26人擬具「再生醫療製劑條例草案」案（113年5月8日、113年5月9日為一次會）,   453,   534,https://ppg.ly.gov.tw/ppg/download/communique1/work/113/43/LCIDC01_1134301_00006.doc,1101,
113,44,,11,01,19,null,1130513,立法院第11屆第1會期外交及國防委員會第19次全體委員會議紀錄,外交及國防委員會第19次會議邀請國家安全局、外交部報告「大陸領導人習近平訪歐後國際關係變化對我國安之影響」，並備質詢,   329,   384,https://ppg.ly.gov.tw/ppg/download/communique1/work/113/44/LCIDC01_1134401_00013.doc,1101,
113,44,,11,01,12,null,1130513,立法院第11屆第1會期教育及文化委員會第12次全體委員會議紀錄,教育及文化委員會第12次會議邀請教育部部長潘文忠列席就「大學推動國際招生及臺灣優華語計畫之執行成效及檢討」進行專題報告，並備質詢,   385,   446,https://ppg.ly.gov.tw/ppg/download/communique1/work/113/44/LCIDC01_1134401_00014.doc,1101,
113,45,,11,01,11,null,1130514,立法院第11屆第1會期程序委員會第11次會議紀錄,程序委員會第11次會議審定本院第11屆第1會期第14次會議議事日程及人民請願案,     1,    58,https://ppg.ly.gov.tw/ppg/download/communique1/work/113/45/LCIDC01_1134501_00002.doc,1101,
113,45,,11,01,20,null,1130515,立法院第11屆第1會期外交及國防委員會第20次全體委員會議紀錄,外交及國防委員會第20次會議邀請外交部部長吳釗燮報告「推動國際社會聲援我國參與世界衛生大會（WHA）執行現況」，併請衛生福利部列席，並備質詢,    59,   146,https://ppg.ly.gov.tw/ppg/download/communique1/work/113/45/LCIDC01_1134501_00003.doc,1101,
113,45,,11,01,22,null,1130515,立法院第11屆第1會期司法及法制委員會第22次全體委員會議紀錄,司法及法制委員會第22次會議邀請司法院秘書長、法務部部長率所屬相關單位列席就「總統行使特赦後，該案未沒收之不法所得及停審未定讞案件之處理」進行專題報告，並備質詢,   147,   218,https://ppg.ly.gov.tw/ppg/download/communique1/work/113/45/LCIDC01_1134501_00004.doc,1101,
113,45,,11,01,null,null,1130516,立法院第11屆第1會期教育及文化委員會「學校午餐法制化」公聽會紀錄,教育及文化委員會會議「學校午餐法制化」公聽會,   219,   282,https://ppg.ly.gov.tw/ppg/download/communique1/work/113/45/LCIDC01_1134501_00005.doc,1101,
113,46,一,11,01,12,null,1130515,立法院第11屆第1會期經濟委員會第12次全體委員會議紀錄,經濟委員會第12次會議審查：一、本院委員張嘉郡等19人擬具「農村再生條例第二條及第七條條文修正草案」案；二、本院委員邱議瑩等17人擬具「農村再生條例第七條及第十五條條文修正草案」案；三、本院委員楊瓊瓔等18人擬具「農村再生條例第七條及第十五條條文修正草案」案（113年5月15日、113年5月16日為一次會）,     1,    68,https://ppg.ly.gov.tw/ppg/download/communique1/work/113/46/LCIDC01_1134601_00002.doc,1101,
113,46,一,11,01,12,null,1130516,立法院第11屆第1會期經濟委員會第12次全體委員會議紀錄,經濟委員會第12次會議審查：一、本院委員黃仁等18人擬具「離島建設條例第十三條條文修正草案」案；二、本院委員陳玉珍等18人擬具「離島建設條例第三條、第七條及第七條之一條文修正草案」案；三、本院委員陳玉珍等18人擬具「離島建設條例第五條條文修正草案」案；四、本院委員陳玉珍等17人擬具「離島建設條例第十條條文修正草案」案；五、本院委員蔡易餘等21人擬具「離島建設條例第十條之一條文修正草案」案（113年5月15日、113年5月16日為一次會）,    69,   114,https://ppg.ly.gov.tw/ppg/download/communique1/work/113/46/LCIDC01_1134601_00003.doc,1101,
113,46,一,11,01,12,null,1130515,立法院第11屆第1會期財政委員會第12次全體委員會議紀錄,財政委員會第12次會議一、繼續審查「證券投資信託及顧問法」3案：(一)行政院函請審議、本院委員郭國文等16人擬具「證券投資信託及顧問法部分條文修正草案」等2案、(二)本院委員林楚茵等17人擬具「證券投資信託及顧問法第一條、第二條及第三條之一條文修正草案」案；二、繼續審查本院委員郭國文等16人擬具「不動產證券化條例部分條文修正草案」案（113年5月15日、113年5月16日為一次會）,   115,   398,https://ppg.ly.gov.tw/ppg/download/communique1/work/113/46/LCIDC01_1134601_00004.doc,1101,
113,46,二,11,01,12,null,1130516,立法院第11屆第1會期財政委員會第12次全體委員會議紀錄,財政委員會第12次會議審查行政院函請審議「海關進口稅則部分稅則修正草案」案（113年5月15日、113年5月16日為一次會）（後接第三冊）,     1,   350,https://ppg.ly.gov.tw/ppg/download/communique1/work/113/46/LCIDC01_1134602_00002.doc,1101,
113,46,三,11,01,16,null,1130513,立法院第11屆第1會期社會福利及衛生環境委員會第16次全體委員會議紀錄,社會福利及衛生環境委員會第16次會議一、審查(一)委員王育敏等21人擬具「工會法第四條及第六條條文修正草案」案、(二)國民黨黨團擬具「工會法第四條及第六條條文修正草案」案、(三)委員陳菁徽等18人擬具「工會法第四條及第六條條文修正草案」案、(四)台灣民眾黨黨團擬具「工會法第四條及第六條條文修正草案」案；二、審查(一)委員王育敏等18人擬具「勞動基準法第五十四條條文修正草案」案、(二)國民黨黨團擬具「勞動基準法第五十四條及第八十六條條文修正草案」案；三、審查(一)委員郭昱晴等19人擬具「中高齡者及高齡者就業促進法第二十六條條文修正草案」案、(二)委員王育敏等18人擬具「中高齡者及高齡者就業促進法第九條及第二十九條條文修正草案」案、(三)委員馬文君等22人擬具「中高齡者及高齡者就業促進法第七條條文修正草案」案、(四)委員邱若華等20人擬具「中高齡者及高齡者就業促進法第七條及第三十六條條文修正草案」案【討論事項綜合詢答】（113年5月13日、113年5月15日為一次會）,   189,   270,https://ppg.ly.gov.tw/ppg/download/communique1/work/113/46/LCIDC01_1134603_00003.doc,1101,
113,46,三,11,01,16,null,1130515,立法院第11屆第1會期社會福利及衛生環境委員會第16次全體委員會議紀錄,社會福利及衛生環境委員會第16次會議一、審查(一)委員王育敏等21人擬具「工會法第四條及第六條條文修正草案」案、(二)國民黨黨團擬具「工會法第四條及第六條條文修正草案」案、(三)委員陳菁徽等18人擬具「工會法第四條及第六條條文修正草案」案、(四)台灣民眾黨黨團擬具「工會法第四條及第六條條文修正草案」案；二、審查(一)委員王育敏等18人擬具「勞動基準法第五十四條條文修正草案」案、(二)國民黨黨團擬具「勞動基準法第五十四條及第八十六條條文修正草案」案；三、審查(一)委員郭昱晴等19人擬具「中高齡者及高齡者就業促進法第二十六條條文修正草案」案、(二)委員王育敏等18人擬具「中高齡者及高齡者就業促進法第九條及第二十九條條文修正草案」案、(三)委員馬文君等22人擬具「中高齡者及高齡者就業促進法第七條條文修正草案」案、(四)委員邱若華等20人擬具「中高齡者及高齡者就業促進法第七條及第三十六條條文修正草案」案（113年5月13日、113年5月15日為一次會）,   271,   316,https://ppg.ly.gov.tw/ppg/download/communique1/work/113/46/LCIDC01_1134603_00004.doc,1101,
113,47,三,11,01,12,null,1130516,立法院第11屆第1會期交通委員會第12次全體委員會議紀錄,交通委員會第12次會議邀請交通部率所屬相關單位就「公路系統道路及橋梁安全改善辦理情形」進行專題報告，並備質詢,   401,   462,https://ppg.ly.gov.tw/ppg/download/communique1/work/113/47/LCIDC01_1134703_00006.doc,1101,
113,48,,11,01,21,null,1130516,立法院第11屆第1會期外交及國防委員會第21次全體委員會議紀錄,外交及國防委員會第21次會議邀請僑務委員會、外交部、國家安全局報告「中共海外統戰工作對我僑務推展與邦交維持之影響及應處作為」，並備質詢,     1,    38,https://ppg.ly.gov.tw/ppg/download/communique1/work/113/48/LCIDC01_1134801_00002.doc,1101,
113,48,,11,01,23,null,1130516,立法院第11屆第1會期司法及法制委員會第23次全體委員會議紀錄,司法及法制委員會第23次會議一、併案審查(一)委員廖偉翔等18人擬具「中華民國刑法第三百三十九條之四條文修正草案」案、(二)委員徐巧芯等17人擬具「中華民國刑法第三百三十九條及第三百三十九條之四條文修正草案」案、(三)委員馬文君等17人擬具「中華民國刑法第三百三十九條及第三百三十九條之四條文修正草案」案、(四)委員羅智強等29人擬具「中華民國刑法第三百三十九條條文修正草案」案、(五)委員黃健豪等19人擬具「中華民國刑法第三百三十九條之四條文修正草案」案、(六)委員蔡易餘等17人擬具「中華民國刑法第三百三十九條之四條文修正草案」案、(七)委員謝衣鳯等17人擬具「中華民國刑法第三百三十九條之四條文修正草案」案、(八)委員洪孟楷等22人擬具「中華民國刑法第三百三十九條之四條文修正草案」案、(九)委員徐欣瑩等19人擬具「中華民國刑法第三百三十九條之四條文修正草案」案、(十)委員涂權吉等19人擬具「中華民國刑法第三百三十九條之四條文修正草案」案、(十一)委員王世堅等22人擬具「中華民國刑法第三百三十九條、第三百三十九條之三及第三百三十九條之四條文修正草案」案、(十二)委員謝衣鳯等17人擬具「中華民國刑法第三百三十九條條文修正草案」案、(十三)委員謝衣鳯等16人擬具「中華民國刑法第三百三十九條之四條文修正草案」案、(十四)委員陳菁徽等16人擬具「中華民國刑法第三百三十九條及第三百三十九條之四條文修正草案」案、(十五)委員葉元之等24人擬具「中華民國刑法第三百三十九條及第三百三十九條之四條文修正草案」案、(十六)台灣民眾黨黨團擬具「中華民國刑法第三百三十九條之四條文修正草案」案；二、併案審查(一)委員廖偉翔等18人擬具「揭弊者保護法草案」案、(二)委員楊瓊瓔等21人擬具「揭弊者保護法草案」案、(三)委員林月琴等17人擬具「公益揭弊者保護法草案」案、(四)委員洪孟楷等22人擬具「揭弊者保護法草案」案、(五)台灣民眾黨黨團擬具「公益揭弊者保護法草案」案、(六)委員徐巧芯等19人擬具「揭弊者保護法草案」案、(七)委員吳宗憲等19人擬具「公益揭弊者保護法草案」案,    39,   282,https://ppg.ly.gov.tw/ppg/download/communique1/work/113/48/LCIDC01_1134801_00003.doc,1101,
113,48,,11,01,13,null,1130520,立法院第11屆第1會期交通委員會第13次全體委員會議紀錄,交通委員會第13次會議邀請交通部、國家運輸安全調查委員會及經濟部就「我國汽車自動駕駛系統與電動大客車之產業前景、法規建置、安全風險及發展現況」進行專題報告，並備質詢,   291,   336,https://ppg.ly.gov.tw/ppg/download/communique1/work/113/48/LCIDC01_1134801_00005.doc,1101,
113,48,,11,01,12,null,1130521,立法院第11屆第1會期程序委員會第12次會議紀錄,程序委員會第12次會議審定本院第11屆第1會期第15次會議議事日程及人民請願案,   337,   400,https://ppg.ly.gov.tw/ppg/download/communique1/work/113/48/LCIDC01_1134801_00006.doc,1101,
113,48,,11,01,19,null,1130522,立法院第11屆第1會期內政委員會第19次全體委員會議紀錄,內政委員會第19次會議一、審查委員吳琪銘等17人擬具「不動產估價師法部分條文修正草案」案；二、審查委員蔡易餘等17人擬具「土地法第七十三條之一條文修正草案」案；三、審查委員林岱樺等17人擬具「土地法第十四條條文修正草案」案,   401,   466,https://ppg.ly.gov.tw/ppg/download/communique1/work/113/48/LCIDC01_1134801_00007.doc,1101,
113,49,,11,01,01,null,1130522,立法院第11屆第1會期經濟、社會福利及衛生環境、教育及文化三委員會第1次聯席會議紀錄,經濟、社會福利及衛生環境、教育及文化三委員會第1次聯席會議審查：一、本院委員羅美玲等20人擬具「外國專業人才延攬及僱用法第十四條條文修正草案」案；二、本院委員王定宇等16人擬具「外國專業人才延攬及僱用法增訂第二十一條之一條文草案」案；三、本院委員邱志偉等20人擬具「外國專業人才延攬及僱用法第十二條條文修正草案」案,     1,    76,https://ppg.ly.gov.tw/ppg/download/communique1/work/113/49/LCIDC01_1134901_00002.doc,1101,
113,49,,11,01,24,null,1130522,立法院第11屆第1會期司法及法制委員會第24次全體委員會議紀錄,司法及法制委員會第24次會議邀請法務部部長率所屬單位主管列席報告業務概況，並備質詢,    77,   152,https://ppg.ly.gov.tw/ppg/download/communique1/work/113/49/LCIDC01_1134901_00003.doc,1101,
113,49,,11,01,13,null,1130523,立法院第11屆第1會期經濟委員會第13次全體委員會議紀錄,經濟委員會第13次會議一、邀請公平交易委員會主任委員就「外送平台併購是否涉及限制競爭之調查程序、認定原則及對消費者權益影響之配套措施」進行報告，並備質詢；二、審查：(一)本院委員邱志偉等16人擬具「多層次傳銷管理法第十三條條文修正草案」案、(二)本院委員楊瓊瓔等24人擬具「多層次傳銷管理法第十三條條文修正草案」案,   153,   202,https://ppg.ly.gov.tw/ppg/download/communique1/work/113/49/LCIDC01_1134901_00004.doc,1101,
113,49,,11,01,13,null,1130520,立法院第11屆第1會期財政委員會第13次全體委員會議紀錄,財政委員會第13次會議審查「財政收支劃分法」14案：（僅詢答）(一)本院台灣民眾黨黨團擬具「財政收支劃分法修正草案」案、(二)本院國民黨黨團、委員羅明才等23人、委員林思銘等20人、委員許宇甄等16人、委員洪孟楷等22人分別擬具「財政收支劃分法部分條文修正草案」等5案、(三)本院委員伍麗華SaidhaiTahovecahe等17人擬具「財政收支劃分法第三條條文修正草案」案、(四)本院委員陳玉珍等24人擬具「財政收支劃分法第八條條文修正草案」案、(五)本院委員王鴻薇等24人擬具「財政收支劃分法第八條、第十二條及第三十條條文修正草案」案、(六)本院委員陳超明等17人擬具「財政收支劃分法第八條、第十二條及第十六條之一條文修正草案」案、(七)本院委員賴瑞隆等16人、委員蔡易餘等16人分別擬具「財政收支劃分法第十六條之一條文修正草案」等2案、(八)本院委員賴士葆等29人擬具「財政收支劃分法第十六條之二、第三十七條之二及第三十八條之二條文修正草案」案、(九)本院委員賴士葆等22人擬具「財政收支劃分法第三十八條之一條文修正草案」案,   203,   262,https://ppg.ly.gov.tw/ppg/download/communique1/work/113/49/LCIDC01_1134901_00007.doc,1101,
113,49,,11,01,13,null,1130522,立法院第11屆第1會期財政委員會第13次全體委員會議紀錄,財政委員會第13次會議邀請金融監督管理委員會彭主任委員金隆率所屬機關首長暨中央存款保險股份有限公司、監管相關機構有關之財團法人、臺灣證券交易所股份有限公司、臺灣期貨交易所股份有限公司、臺灣集中保管結算所股份有限公司等董事長、總經理列席業務報告，並備質詢,   263,   332,https://ppg.ly.gov.tw/ppg/download/communique1/work/113/49/LCIDC01_1134901_00008.doc,1101,
