term,sessionPeriod,meetingDate,meetingTime,meetingTypeName,meetingName,meetingContent,videoUrl,selectTerm,
11,1,2024-02-01,08:00,院會,第11屆立法院預備會議,第11屆立法委員報到、就職宣誓暨院長、副院長選舉及就職宣誓,https://ivod.ly.gov.tw/Play/Full/300K/15664,1101,
11,1,2024-02-05,15:00,朝野黨團協商,立法院黨團協商,一、研商「第11屆第1會期開議日」相關事宜。 二、研商第11屆立法委員席次（各政黨委員議場席位區域劃分）。,https://ivod.ly.gov.tw/Play/Full/300K/15665,1101,
11,1,2024-02-19,10:30,朝野黨團協商,立法院黨團協商,研商「邀請行政院院長率同相關部會首長就『民進黨政府執政八年所造成台灣食安問題總檢討』進行專案報告」相關事宜（國民黨黨團提議）,https://ivod.ly.gov.tw/Play/Full/300K/15666,1101,
11,1,2024-02-20,09:00,院會,第11屆第1會期第1次會議,行政院院長提出施政方針及施政報告並備質詢,https://ivod.ly.gov.tw/Play/Full/300K/15667,1101,
11,1,2024-02-20,16:30,朝野黨團協商,立法院朝野黨團協商,台灣民眾黨黨團建請院會作成決議：「鑑於本院歷屆各會期開議時均曾邀請行政院院長針對重大議題進行專案報告，並備質詢，已為議事成例；爰依議事先例建請113年2月21日（星期三）加開院會，邀請行政院院長率同相關部會首長就『民進黨政府執政八年所造成台灣食安問題總檢討』進行專案報告並備質詢，質詢人數由國民黨黨團推派7人、民進黨黨團推派7人、台灣民眾黨黨團推派1人進行，每位委員詢答時間15分鐘；質詢順序依例授權議事處辦理。名單請於2月20日（星期二）下午5時前送交議事處彙整，逾時視同放棄。」是否有當？請公決案。   上列議案本黨團於2024年2月20日（二）下午14時00分甫接獲本院議事處來函通知本案經院會決議為：交付黨團協商，並由台灣民眾黨黨團負責召集協商，協商會議請各黨團指派代表參加。爰本黨團於2024年2月20日（二）下午16時30分假立法院紅樓302會議室召集協商。,https://ivod.ly.gov.tw/Play/Full/300K/15668,1101,
11,1,2024-02-22,16:00,朝野黨團協商,立法院黨團協商,研商「邀請行政院院長率同相關部會首長就『民進黨政府執政八年台灣食安問題總檢討』進行專案報告」相關事宜（民進黨黨團、國民黨黨團、台灣民眾黨黨團分別提議）,https://ivod.ly.gov.tw/Play/Full/300K/15670,1101,
11,1,2024-02-23,09:00,院會,第11屆第1會期第2次會議,一、對行政院院長提出施政方針及施政報告繼續質詢。 二、2月23日上午9時至10時為國是論壇時間。 三、2月27日下午1時50分至2時30分為處理臨時提案時間。,https://ivod.ly.gov.tw/Play/Full/300K/15671,1101,
11,1,2024-02-27,09:00,院會,第11屆第1會期第2次會議,一、對行政院院長提出施政方針及施政報告繼續質詢。 二、2月23日上午9時至10時為國是論壇時間。 三、2月27日下午1時50分至2時30分為處理臨時提案時間。,https://ivod.ly.gov.tw/Play/Full/300K/15673,1101,
11,1,2024-02-29,09:00,司法及法制委員會,立法院第11屆第1會期司法及法制委員會第1次全體委員會議,選舉第11屆第1會期本會召集委員,https://ivod.ly.gov.tw/Play/Full/300K/15681,1101,
11,1,2024-02-29,09:00,社會福利及衛生環境委員會,立法院第11屆第1會期社會福利及衛生環境委員會第1次全體委員會議,選舉第11屆第1會期本會召集委員,https://ivod.ly.gov.tw/Play/Full/300K/15675,1101,
11,1,2024-02-29,09:00,教育及文化委員會,立法院第11屆第1會期教育及文化委員會第1次全體委員會議,選舉第11屆第1會期本會召集委員,https://ivod.ly.gov.tw/Play/Full/300K/15676,1101,
11,1,2024-02-29,09:00,外交及國防委員會,立法院第11屆第1會期外交及國防委員會第1次全體委員會議,選舉第11屆第1會期本會召集委員,https://ivod.ly.gov.tw/Play/Full/300K/15680,1101,
11,1,2024-02-29,09:00,內政委員會,立法院第11屆第1會期內政委員會第1次全體委員會議,選舉第11屆第1會期召集委員,https://ivod.ly.gov.tw/Play/Full/300K/15679,1101,
11,1,2024-02-29,09:00,財政委員會,立法院第11屆第1會期財政委員會第1次全體委員會議,選舉立法院第11屆第1會期本會召集委員,https://ivod.ly.gov.tw/Play/Full/300K/15674,1101,
11,1,2024-02-29,09:00,交通委員會,立法院第11屆第1會期交通委員會第1次全體委員會議,選舉第11屆第1會期本會召集委員,https://ivod.ly.gov.tw/Play/Full/300K/15678,1101,
11,1,2024-02-29,09:00,經濟委員會,立法院第11屆第1會期經濟委員會第1次全體委員會議,選舉立法院第11屆第1會期本會召集委員,https://ivod.ly.gov.tw/Play/Full/300K/15677,1101,
11,1,2024-03-01,09:00,院會,第11屆第1會期第3次會議,一、對行政院院長提出施政方針及施政報告繼續質詢。  二、3月1日上午9時至10時為國是論壇時間。  三、3月5日下午1時50分至2時30分為處理臨時提案時間。,https://ivod.ly.gov.tw/Play/Full/300K/15682,1101,
11,1,2024-03-04,09:00,內政委員會,立法院第11屆第1會期內政委員會第2次全體委員會議,邀請海洋委員會主任委員、大陸委員會主任委員、國防部及海軍司令部參謀長就「金門撞船案:翻船執法過程及後續處理」進行專題報告，並備質詢。,https://ivod.ly.gov.tw/Play/Full/300K/15688,1101,
11,1,2024-03-04,09:00,司法及法制委員會,立法院第11屆第1會期司法及法制委員會第2次全體委員會議,邀請司法院秘書長列席說明立法計畫，並備質詢。,https://ivod.ly.gov.tw/Play/Full/300K/15689,1101,
11,1,2024-03-04,09:00,教育及文化委員會,立法院第11屆第1會期教育及文化委員會第2次全體委員會議,邀請教育部部長潘文忠列席報告業務概況，並備質詢。【3月4日及7日二天一次會】,https://ivod.ly.gov.tw/Play/Full/300K/15685,1101,
11,1,2024-03-04,09:00,社會福利及衛生環境委員會,立法院第11屆第1會期社會福利及衛生環境委員會第2次全體委員會議,邀請行政院食品安全辦公室、衛生福利部部長、食品藥物管理署就「食安五環執行狀況及蘇丹紅事件處理之檢討」進行專題報告，並備質詢。,https://ivod.ly.gov.tw/Play/Full/300K/15684,1101,
11,1,2024-03-04,09:00,交通委員會,立法院第11屆第1會期交通委員會第2次全體委員會議,邀請行政院公共工程委員會主任委員吳澤成列席報告業務概況，並備質詢。【3月4日、6日及7日三天一次會】,https://ivod.ly.gov.tw/Play/Full/300K/15687,1101,
11,1,2024-03-04,09:00,財政委員會,立法院第11屆第1會期財政委員會第2次全體委員會議,邀請金融監督管理委員會黃主任委員天牧率所屬機關首長暨中央存款保險股份有限公司、監管相關機構有關之財團法人、臺灣證券交易所股份有限公司、臺灣期貨交易所股份有限公司、臺灣集中保管結算所股份有限公司等董事長、總經理列席業務報告，並備質詢。 【3月4日及7日二天一次會】,https://ivod.ly.gov.tw/Play/Full/300K/15683,1101,
11,1,2024-03-04,09:00,經濟委員會,立法院第11屆第1會期經濟委員會第2次全體委員會議,邀請農業部部長列席報告業務概況，並備質詢。【3月4日、3月6日及7日三天一次會】,https://ivod.ly.gov.tw/Play/Full/300K/15686,1101,
11,1,2024-03-05,09:00,院會,第11屆第1會期第3次會議,一、對行政院院長提出施政方針及施政報告繼續質詢。  二、3月1日上午9時至10時為國是論壇時間。  三、3月5日下午1時50分至2時30分為處理臨時提案時間。,https://ivod.ly.gov.tw/Play/Full/300K/15690,1101,
11,1,2024-03-05,12:00,程序委員會,立法院第11屆第1會期程序委員會第1次會議,一、選舉第11屆第1會期本會召集委員 二、審定本院第11屆第1會期第4次會議議事     日程及人民請願案,https://ivod.ly.gov.tw/Play/Full/300K/15692,1101,
11,1,2024-03-06,09:00,社會福利及衛生環境委員會,立法院第11屆第1會期社會福利及衛生環境委員會第3次全體委員會議,邀請勞動部部長、外交部、勞動力發展署、衛生福利部、內政部、國家安全局就「我國開放印度移工對本國勞工就業市場之衝擊」進行專題報告，並備質詢。,https://ivod.ly.gov.tw/Play/Full/300K/15693,1101,
11,1,2024-03-06,09:00,內政委員會,立法院第11屆第1會期內政委員會第3次全體委員會議,邀請大陸委員會主任委員及交通部次長、交通部觀光署署長就「赴陸旅遊團停招：決策過程與後續影響評估」進行專題報告，並備質詢。,https://ivod.ly.gov.tw/Play/Full/300K/15696,1101,
11,1,2024-03-06,09:00,經濟委員會,立法院第11屆第1會期經濟委員會第2次全體委員會議,邀請國家發展委員會主任委員列席報告業務概況，並備質詢。【3月4日、3月6日及7日三天一次會】,https://ivod.ly.gov.tw/Play/Full/300K/15694,1101,
11,1,2024-03-06,09:00,司法及法制委員會,立法院第11屆第1會期司法及法制委員會第3次全體委員會議,邀請行政院人事行政總處人事長列席報告業務概況及立法計畫，並備質詢。,https://ivod.ly.gov.tw/Play/Full/300K/15698,1101,
11,1,2024-03-06,09:00,外交及國防委員會,立法院第11屆第1會期外交及國防委員會第2次全體委員會議,邀請國軍退除役官兵輔導委員會主任委員馮世寬報告業務概況，並備質詢。,https://ivod.ly.gov.tw/Play/Full/300K/15697,1101,
11,1,2024-03-06,09:00,交通委員會,立法院第11屆第1會期交通委員會第2次全體委員會議,邀請交通部部長王國材列席報告業務概況，並備質詢。【3月4日、6日及7日三天一次會】,https://ivod.ly.gov.tw/Play/Full/300K/15695,1101,
11,1,2024-03-07,09:00,財政委員會,立法院第11屆第1會期財政委員會第2次全體委員會議,邀請財政部莊部長翠雲率所屬機關首長暨國營事業董事長、總經理 含各轉投資事業機構公股代表之董、監事 列席業務報告，並備質詢。 【3月4日及7日二天一次會】,https://ivod.ly.gov.tw/Play/Full/300K/15699,1101,
11,1,2024-03-07,09:00,交通委員會,立法院第11屆第1會期交通委員會第2次全體委員會議,一、邀請數位發展部部長唐鳳列席報告業務概況，並備質詢。 二、邀請數位發展部部長唐鳳就「112年度出國預算辦理成效及113年度預計效益」進行專題報告，並備質詢。 【3月4日、6日及7日三天一次會】,https://ivod.ly.gov.tw/Play/Full/300K/15703,1101,
11,1,2024-03-07,09:00,內政委員會,立法院第11屆第1會期內政委員會第4次全體委員會議,邀請大陸委員會主任委員及財團法人海峽交流基金會董事長列席報告業務概況，並備質詢。,https://ivod.ly.gov.tw/Play/Full/300K/15704,1101,
11,1,2024-03-07,09:00,外交及國防委員會,立法院第11屆第1會期外交及國防委員會第3次全體委員會議,邀請國防部部長邱國正報告業務概況，並備質詢。,https://ivod.ly.gov.tw/Play/Full/300K/15705,1101,
11,1,2024-03-07,09:00,司法及法制委員會,立法院第11屆第1會期司法及法制委員會第4次全體委員會議,邀請法務部部長率所屬單位主管列席報告業務概況及立法計畫，並備質詢。,https://ivod.ly.gov.tw/Play/Full/300K/15706,1101,
11,1,2024-03-07,09:00,教育及文化委員會,立法院第11屆第1會期教育及文化委員會第2次全體委員會議,邀請國立故宮博物院院長蕭宗煌列席報告業務概況，並備質詢。【3月4日及7日二天一次會】,https://ivod.ly.gov.tw/Play/Full/300K/15701,1101,
11,1,2024-03-07,09:00,經濟委員會,立法院第11屆第1會期經濟委員會第2次全體委員會議,邀請經濟部部長率台灣電力股份有限公司董事長就「電價調漲對產業、民生等衝擊研擬配套措施」進行報告，並備質詢。【3月4日、3月6日及7日三天一次會】,https://ivod.ly.gov.tw/Play/Full/300K/15702,1101,
11,1,2024-03-07,09:00,社會福利及衛生環境委員會,立法院第11屆第1會期社會福利及衛生環境委員會第4次全體委員會議,邀請衛生福利部部長、中央健康保險署、食品藥物管理署就「健保藥價調整，藥廠停產慢性病用藥之因應作為」進行專題報告，並備質詢。,https://ivod.ly.gov.tw/Play/Full/300K/15700,1101,
11,1,2024-03-08,09:00,院會,第11屆第1會期第4次會議,一、對行政院院長提出施政方針及施政報告繼續質詢。 二、3月8日上午9時至10時為國是論壇時間。  三、3月12日下午1時50分至2時30分為處理臨時提案時間。,https://ivod.ly.gov.tw/Play/Full/300K/15707,1101,
11,1,2024-03-08,12:10,紀律委員會,第11屆第1會期紀律委員會第1次召集委員會議商議排定本（第1）會期各月輪值召集委員人選,第11屆第1會期紀律委員會第1次召集委員會議商議排定本（第1）會期各月輪值召集委員人選,https://ivod.ly.gov.tw/Play/Full/300K/15708,1101,
11,1,2024-03-11,09:00,外交及國防委員會,立法院第11屆第1會期外交及國防委員會第4次全體委員會議,邀請國家安全局局長蔡明彥報告「因應中共兩會召開及年底美國總統大選，就國際及兩岸局勢發展之研析」，併請國防部副部長、海洋委員會海巡署署長列席，並備質詢。,https://ivod.ly.gov.tw/Play/Full/300K/15713,1101,
11,1,2024-03-11,09:00,司法及法制委員會,立法院第11屆第1會期司法及法制委員會第5次全體委員會議,邀請監察院秘書長列席說明立法計畫，並備質詢。,https://ivod.ly.gov.tw/Play/Full/300K/15714,1101,
11,1,2024-03-11,09:00,交通委員會,立法院第11屆第1會期交通委員會第3次全體委員會議,一、邀請國家通訊傳播委員會主任委員陳耀祥列席報告業務概況，並備質詢。 二、邀請國家通訊傳播委員會主任委員陳耀祥就「廣電事業申設換照審查程序暨執行狀況」進行專題報告，並備質詢。,https://ivod.ly.gov.tw/Play/Full/300K/15711,1101,
11,1,2024-03-11,09:00,教育及文化委員會,立法院第11屆第1會期教育及文化委員會第3次全體委員會議,邀請教育部列席就「國家運動科學中心如何協助運動選手，提升參加國際競賽成績之具體作為。」進行專題報告，並備質詢。【3月11日及14日二天一次會】,https://ivod.ly.gov.tw/Play/Full/300K/15709,1101,
11,1,2024-03-11,09:00,內政委員會,立法院第11屆第1會期內政委員會第5次全體委員會議,邀請中央選舉委員會主任委員列席報告業務概況，並備質詢。,https://ivod.ly.gov.tw/Play/Full/300K/15712,1101,
11,1,2024-03-11,09:00,經濟委員會,立法院第11屆第1會期經濟委員會第3次全體委員會議,邀請公平交易委員會主任委員列席報告業務概況，並備質詢。【3月11日、13日及14日三天一次會】,https://ivod.ly.gov.tw/Play/Full/300K/15710,1101,
11,1,2024-03-12,09:00,院會,第11屆第1會期第4次會議,一、對行政院院長提出施政方針及施政報告繼續質詢。 二、3月8日上午9時至10時為國是論壇時間。  三、3月12日下午1時50分至2時30分為處理臨時提案時間。,https://ivod.ly.gov.tw/Play/Full/300K/15715,1101,
11,1,2024-03-12,12:00,程序委員會,立法院第11屆第1會期程序委員會第2次會議,審定本院第11屆第1會期第5次會議議事日程 及人民請願案,https://ivod.ly.gov.tw/Play/Full/300K/15716,1101,
11,1,2024-03-13,09:00,外交及國防委員會,立法院第11屆第1會期外交及國防委員會第5次全體委員會議,邀請僑務委員會委員長徐佳青報告業務概況，並備質詢。,https://ivod.ly.gov.tw/Play/Full/300K/15721,1101,
11,1,2024-03-13,09:00,司法及法制委員會,立法院第11屆第1會期司法及法制委員會第6次全體委員會議,邀請考試院秘書長、考選部部長、銓敘部部長及公務人員保障暨培訓委員會主任委員列席報告業務概況及立法計畫，並備質詢。,https://ivod.ly.gov.tw/Play/Full/300K/15722,1101,
11,1,2024-03-13,09:00,財政委員會,立法院第11屆第1會期財政委員會第3次全體委員會議,邀請行政院主計總處朱主計長澤民、審計部陳審計長瑞敏率所屬單位主管列席業務報告，並備質詢。 【3月13日及14日二天一次會】,https://ivod.ly.gov.tw/Play/Full/300K/15717,1101,
11,1,2024-03-13,09:00,社會福利及衛生環境委員會,立法院第11屆第1會期社會福利及衛生環境委員會第5次全體委員會議,邀請勞動部部長列席報告業務概況，並備質詢。 【3月13日及14日二天一次會】,https://ivod.ly.gov.tw/Play/Full/300K/15718,1101,
11,1,2024-03-13,09:00,內政委員會,立法院第11屆第1會期內政委員會第6次全體委員會議,一、處理113年度中央政府總預算有關海洋委員會及所屬預算凍結書面報告案計2案。 一 海洋委員會函，為113年度中央政府總預算決議，檢送該會決議（一）「海洋業務」預算凍結50萬元書面報告，請查照案。 二 海洋委員會函，為113年度中央政府總預算決議，檢送海洋保育署決議（一）「海洋保育業務」預算凍結50萬元書面報告，請查照案。二、邀請海洋委員會主任委員率同所屬列席報告業務概況，並備質詢。三、審查海洋委員會函，為113年度中央政府總預算決議，檢送海巡署及所屬決議（一）「海巡業務」預算凍結50萬元書面報告，請查照案。四、「海洋保育法草案」： 一 審查行政院函請審議「海洋保育法草案」案。 二 審查委員楊瓊瓔等20人擬具「海洋保育法草案」案。 三 審查委員伍麗華Saidhai Tahovecahe等16人擬具「海洋保育法草案」案。【3月13日及14日二天一次會】,https://ivod.ly.gov.tw/Play/Full/300K/15720,1101,
11,1,2024-03-13,09:00,經濟委員會,立法院第11屆第1會期經濟委員會第3次全體委員會議,邀請經濟部部長列席報告業務概況，並備質詢。【3月11日、13日及14日三天一次會】,https://ivod.ly.gov.tw/Play/Full/300K/15719,1101,
11,1,2024-03-14,09:00,教育及文化委員會,立法院第11屆第1會期教育及文化委員會第3次全體委員會議,邀請國家科學及技術委員會主任委員吳政忠列席報告業務概況，並備質詢。【3月11日及14日二天一次會】,https://ivod.ly.gov.tw/Play/Full/300K/15725,1101,
11,1,2024-03-14,09:00,外交及國防委員會,立法院第11屆第1會期外交及國防委員會第6次全體委員會議,邀請國防部部長邱國正報告「面對中共常態化對我侵擾與威脅之影響與應處作為」，併請國家安全局副局長、海洋委員會副主任委員列席，並備質詢。,https://ivod.ly.gov.tw/Play/Full/300K/15727,1101,
11,1,2024-03-14,09:00,司法及法制委員會,立法院第11屆第1會期司法及法制委員會公聽會,「詐欺犯罪防制立法及各部會打詐機制盤點」公聽會,https://ivod.ly.gov.tw/Play/Full/300K/15728,1101,
11,1,2024-03-14,09:00,社會福利及衛生環境委員會,立法院第11屆第1會期社會福利及衛生環境委員會第5次全體委員會議,邀請環境部部長列席報告業務概況，並備質詢。 【3月13日及14日二天一次會】,https://ivod.ly.gov.tw/Play/Full/300K/15724,1101,
11,1,2024-03-14,09:00,財政委員會,立法院第11屆第1會期財政委員會第3次全體委員會議,邀請中央銀行楊總裁金龍率所屬單位主管暨財金資訊股份有限公司董事長列席業務報告，並備質詢。 【3月13日及14日二天一次會】,https://ivod.ly.gov.tw/Play/Full/300K/15723,1101,
11,1,2024-03-14,09:00,經濟委員會,立法院第11屆第1會期經濟委員會第3次全體委員會議,審查113年度中央政府總預算案附屬單位預算營業部分關於經濟部主管：台灣中油股份有限公司。 詢答 【3月11日、13日及14日三天一次會】,https://ivod.ly.gov.tw/Play/Full/300K/15726,1101,
11,1,2024-03-15,09:00,院會,第11屆第1會期第5次會議,一、對行政院院長提出施政方針及施政報告繼續質詢。 二、3月15日上午9時至10時為國是論壇時間。 三、3月19日下午1時50分至2時30分為處理臨時提案時間。,https://ivod.ly.gov.tw/Play/Full/300K/15729,1101,
11,1,2024-03-18,09:00,內政委員會,立法院第11屆第1會期內政委員會第7次全體委員會議,邀請內政部部長率同所屬列席報告業務概況，並備質詢。【3月18日及20日二天一次會】,https://ivod.ly.gov.tw/Play/Full/300K/15734,1101,
11,1,2024-03-18,09:00,教育及文化委員會,立法院第11屆第1會期教育及文化委員會第4次全體委員會議,邀請教育部、司法院、法務部及內政部列席就「校園暴力事件之處置、少年犯回歸校園之輔導機制及前科紀錄是否塗銷」進行專題報告，並備質詢。（3月18日、20日及21日三天一次會）,https://ivod.ly.gov.tw/Play/Full/300K/15732,1101,
11,1,2024-03-18,09:00,社會福利及衛生環境委員會,立法院第11屆第1會期社會福利及衛生環境委員會第6次全體委員會議,邀請衛生福利部部長、教育部、法務部、內政部警政署就「社會安全網推動情形及策進作為」進行專題報告，並備質詢。,https://ivod.ly.gov.tw/Play/Full/300K/15731,1101,
11,1,2024-03-18,09:00,交通委員會,立法院第11屆第1會期交通委員會第4次全體委員會議,邀請交通部首長率同中央氣象署署長列席報告業務概況，並備質詢。 【3月18日、20日二天一次會】,https://ivod.ly.gov.tw/Play/Full/300K/15733,1101,
11,1,2024-03-18,09:00,司法及法制委員會,立法院第11屆第1會期司法及法制委員會第7次全體委員會議,邀請司法院秘書長、法務部部長、內政部警政署率所屬相關單位列席就「為維護偵查程序之順利進行及真實發現，並兼顧人權維護，如何落實偵查不公開原則及相關流程缺失之檢討」進行專題報告，並備質詢。,https://ivod.ly.gov.tw/Play/Full/300K/15735,1101,
11,1,2024-03-18,09:00,財政委員會,立法院第11屆第1會期財政委員會第4次全體委員會議,邀請金融監督管理委員會黃主任委員天牧率臺灣證券交易所股份有限公司林董事長修銘及財團法人中華民國證券櫃檯買賣中心陳董事長永誠、中央銀行分別就「從ETF熱賣看政府如何健全投資管道引導民間游資，避免熱錢過度投入房市」進行專題報告，並備質詢。 【3月18日及20日二天一次會】,https://ivod.ly.gov.tw/Play/Full/300K/15730,1101,
11,1,2024-03-19,09:00,院會,第11屆第1會期第5次會議,一、對行政院院長提出施政方針及施政報告繼續質詢。 二、3月15日上午9時至10時為國是論壇時間。 三、3月19日下午1時50分至2時30分為處理臨時提案時間。,https://ivod.ly.gov.tw/Play/Full/300K/15736,1101,
11,1,2024-03-19,12:00,程序委員會,立法院第11屆第1會期程序委員會第3次會議,審定本院第11屆第1會期第6次會議議事日程 及人民請願案,https://ivod.ly.gov.tw/Play/Full/300K/15737,1101,
11,1,2024-03-20,09:00,內政委員會,立法院第11屆第1會期內政委員會第7次全體委員會議,邀請內政部部長及國土管理署署長、原住民族委員會主任委員就「國土計畫推動辦理情形」進行專題報告，並備質詢。【3月18日及20日二天一次會】,https://ivod.ly.gov.tw/Play/Full/300K/15742,1101,
11,1,2024-03-20,09:00,社會福利及衛生環境委員會,立法院第11屆第1會期社會福利及衛生環境委員會第7次全體委員會議,一、邀請勞動部部長、衛生福利部、教育部就「落實職場性別平等及性平三法上路如何落實雇主責任」進行專題報告，並備質詢。 二、邀請衛生福利部、勞動部、教育部就「完善職場育兒環境及托育人員專業職能、工作倫理及職業道德之培訓策進作為」進行專題報告，並備質詢。 【專題報告綜合詢答】 【3月20日及21日二天一次會】,https://ivod.ly.gov.tw/Play/Full/300K/15739,1101,
11,1,2024-03-20,09:00,財政委員會,立法院第11屆第1會期財政委員會第4次全體委員會議,處理或審查中華民國113年度中央政府總預算決議，有關財政部主管預算凍結書面報告案45案。[如經院會復議，則不予處理或審查] 【3月18日及20日二天一次會】,https://ivod.ly.gov.tw/Play/Full/300K/15738,1101,
11,1,2024-03-20,09:00,外交及國防委員會,立法院第11屆第1會期外交及國防委員會第7次全體委員會議,邀請外交部部長吳釗燮報告業務概況，並備質詢。,https://ivod.ly.gov.tw/Play/Full/300K/15743,1101,
11,1,2024-03-20,09:00,交通委員會,立法院第11屆第1會期交通委員會第4次全體委員會議,一、審查行政院函請審議「電子簽章法修正草案」案。 二、審查委員葛如鈞等22人擬具「電子簽章法修正草案」案。 【第一案如經院會復議，則不予審查。】 【本日僅進行詢答】 【3月18日、20日二天一次會】,https://ivod.ly.gov.tw/Play/Full/300K/15741,1101,
11,1,2024-03-20,09:00,教育及文化委員會,立法院第11屆第1會期教育及文化委員會第4次全體委員會議,邀請中央研究院院長廖俊智列席報告業務概況，並備質詢。（3月18日、20日及21日三天一次會）,https://ivod.ly.gov.tw/Play/Full/300K/15740,1101,
11,1,2024-03-21,09:00,教育及文化委員會,立法院第11屆第1會期教育及文化委員會第4次全體委員會議,邀請教育部列席就「落實特殊教育法配套措施及普特融合教育實施概況」進行專題報告，並備質詢。（3月18日、20日及21日三天一次會）,https://ivod.ly.gov.tw/Play/Full/300K/15747,1101,
11,1,2024-03-21,09:00,社會福利及衛生環境委員會,立法院第11屆第1會期社會福利及衛生環境委員會第7次全體委員會議,邀請環境部部長、經濟部、農業部、國家發展委員會、行政院國家永續發展委員會就「加速推動再生能源對國土環境之影響及環境影響評估認定標準修訂進度」進行專題報告，並備質詢。 【3月20日及21日二天一次會】,https://ivod.ly.gov.tw/Play/Full/300K/15744,1101,
11,1,2024-03-21,09:00,經濟委員會,立法院第11屆第1會期經濟委員會第4次全體委員會議,一、邀請經濟部部長就「當前供水情勢檢討及因應措施」進行報告，並備質詢。 二、審查113年度中央政府總預算案附屬單位預算營業部分關於經濟部主管：台灣自來水股份有限公司。 詢答 ,https://ivod.ly.gov.tw/Play/Full/300K/15746,1101,
11,1,2024-03-21,09:00,外交及國防委員會,立法院第11屆第1會期外交及國防委員會第8次全體委員會議【含秘密會議】,邀請國家安全局局長蔡明彥率相關情報機關首長提出「國家情報工作暨國家安全局業務報告」，並備質詢。,https://ivod.ly.gov.tw/Play/Full/300K/15748,1101,
11,1,2024-03-21,09:00,司法及法制委員會,立法院第11屆第1會期司法及法制委員會第8次全體委員會議,邀請立法院秘書長列席就「中華民國總統至立法院進行國情報告及詢答模式之建議」進行專題報告，並備質詢。,https://ivod.ly.gov.tw/Play/Full/300K/15745,1101,
11,1,2024-03-22,09:00,院會,第11屆第1會期第6次會議,一、對行政院院長提出施政方針及施政報告繼續質詢。 二、3月22日上午9時至10時為國是論壇時間。 三、3月26日下午1時50分至2時30分為處理臨時提案時間。,https://ivod.ly.gov.tw/Play/Full/300K/15749,1101,
11,1,2024-03-25,09:00,內政委員會,立法院第11屆第1會期內政委員會「海洋保育法草案」公聽會,,https://ivod.ly.gov.tw/Play/Full/300K/15754,1101,
11,1,2024-03-25,09:00,經濟委員會,立法院第11屆第1會期經濟委員會第5次全體委員會議,一、審查113年度中央政府總預算案附屬單位預算非營業部分關於行政院主管：行政院國家發展基金、離島建設基金、花東地區永續發展基金及促進轉型正義基金。 詢答  二、處理或審查113年度中央政府總預算有關國家發展委員會及所屬主管預算凍結案等7案。 【3月25日及27日二天一次會】,https://ivod.ly.gov.tw/Play/Full/300K/15752,1101,
11,1,2024-03-25,09:00,社會福利及衛生環境委員會,立法院第11屆第1會期社會福利及衛生環境委員會第8次全體委員會議,一、邀請勞動部部長就「事業單位應加強安全衛生管理制度、作業流程及必要教育 訓練，並落實職場防災管理」進行專題報告，並備質詢。 二、處理中華民國113年度中央政府總預算有關勞動部主管預算凍結案21案 含報告事項20案及討論事項1案 。 【專題報告及討論事項綜合詢答】,https://ivod.ly.gov.tw/Play/Full/300K/15751,1101,
11,1,2024-03-25,09:00,司法及法制委員會,立法院第11屆第1會期司法及法制委員會公聽會,「個人資料保護委員會組織籌設及相關配套措施」公聽會,https://ivod.ly.gov.tw/Play/Full/300K/15755,1101,
11,1,2024-03-25,09:00,財政委員會,立法院第11屆第1會期財政委員會第5次全體委員會議,邀請行政院主計總處朱主計長澤民、金融監督管理委員會黃主任委員天牧、國家通訊傳播委員會、法務部、內政部、數位發展部就「新世代打擊詐欺策略行動綱領1 5版」預算執行情形及成效進行專題報告，並備質詢。 【3月25日及27日二天一次會】,https://ivod.ly.gov.tw/Play/Full/300K/15750,1101,
11,1,2024-03-25,09:00,交通委員會,立法院第11屆第1會期交通委員會第5次全體委員會議,審查委員傅崐萁等33人擬具「花東快速公路建設特別條例草案」案。【詢答及處理】【3月25日及27日二天一次會】,https://ivod.ly.gov.tw/Play/Full/300K/15753,1101,
11,1,2024-03-25,15:30,朝野黨團協商,立法院黨團協商,研商有關本會期對行政院院長施政報告之質詢，於3月15日（五）「經濟組」個人質詢相關事宜（民進黨黨團提議）,https://ivod.ly.gov.tw/Play/Full/300K/15756,1101,
11,1,2024-03-26,09:00,院會,第11屆第1會期第6次會議,一、對行政院院長提出施政方針及施政報告繼續質詢。 二、3月22日上午9時至10時為國是論壇時間。 三、3月26日下午1時50分至2時30分為處理臨時提案時間。,https://ivod.ly.gov.tw/Play/Full/300K/15757,1101,
11,1,2024-03-26,12:00,程序委員會,立法院第11屆第1會期程序委員會第4次會議,審定本院第11屆第1會期第7次會議議事日程 及人民請願案,https://ivod.ly.gov.tw/Play/Full/300K/15758,1101,
11,1,2024-03-27,09:00,外交及國防委員會,立法院第11屆第1會期外交及國防委員會第9次全體委員會議,邀請國防部部長報告「國軍無人機運用的現況及發展」，併請行政院國土安全辦公室列席，並備質詢。,https://ivod.ly.gov.tw/Play/Full/300K/15765,1101,
11,1,2024-03-27,09:00,經濟委員會,立法院第11屆第1會期經濟委員會第5次全體委員會議,繼續審查113年度中央政府總預算案附屬單位預算營業部分關於經濟部主管：台灣中油股份有限公司。 處理  【3月25日及27日二天一次會】,https://ivod.ly.gov.tw/Play/Full/300K/15762,1101,
11,1,2024-03-27,09:00,社會福利及衛生環境委員會,立法院第11屆第1會期社會福利及衛生環境委員會第9次全體委員會議,一、邀請環境部部長就「邁向碳有價時代，碳費擬定時程表及碳費審議委員會之相關內容」進行專題報告，並備質詢。 二、處理或審查中華民國113年度中央政府總預算有關環境部主管預算凍結案49案 含報告事項45案及討論事項4案 。【如經復議則不予處理或審查】 【專題報告及討論事項綜合詢答】 【3月27日及28日二天一次會】,https://ivod.ly.gov.tw/Play/Full/300K/15760,1101,
11,1,2024-03-27,09:00,財政委員會,立法院第11屆第1會期財政委員會第5次全體委員會議,邀請行政院主計總處朱主計長澤民、中央銀行楊總裁金龍、經濟部率台灣電力股份有限公司就電價大漲及央行升息對物價波動的影響進行專題報告，並備質詢。 【3月25日及27日二天一次會】,https://ivod.ly.gov.tw/Play/Full/300K/15759,1101,
11,1,2024-03-27,09:00,內政委員會,立法院第11屆第1會期內政、交通委員會第1次聯席會議,審查「行人交通安全設施條例草案」 一 行政院函請審議「行人交通安全設施條例草案」案。 二 委員黃捷等16人擬具「行人交通安全設施條例草案」案。【上開議案如經院會復議，則不予審查】,https://ivod.ly.gov.tw/Play/Full/300K/15764,1101,
11,1,2024-03-27,09:00,教育及文化委員會,立法院第11屆第1會期教育及文化委員會第5次全體委員會議,一、邀請文化部部長史哲列席報告業務概況，並備質詢。二、處理或審查113年度中央政府總預算有關文化部主管預算 公務預算 解凍案8案。 如未接獲議事處來函，則不予處理或審查 【3月27日及28日二天一次會】,https://ivod.ly.gov.tw/Play/Full/300K/15761,1101,
11,1,2024-03-27,09:00,交通委員會,立法院第11屆第1會期交通委員會第5次全體委員會議,討論立法院交通委員會「鏡電視調閱專案小組運作要點草案」案及相關事宜。【3月25日及27日二天一次會】,https://ivod.ly.gov.tw/Play/Full/300K/15763,1101,
11,1,2024-03-27,09:00,司法及法制委員會,立法院第11屆第1會期司法及法制委員會第9次全體委員會議,一、邀請行政院人事行政總處人事長及行政院相關機關（含事業單位）列席就「政府機關推動人事服務數位轉型」進行專題報告，並備質詢。 二、審查及處理113年度中央政府總預算關於行政院人事行政總處及所屬主管預算凍結項目共8案。 【其中7案如經院會復議，則不予審查、處理】,https://ivod.ly.gov.tw/Play/Full/300K/15766,1101,
11,1,2024-03-28,09:00,司法及法制委員會,立法院第11屆第1會期司法及法制委員會第10次全體委員會議,一、邀請司法院、法務部、教育部、衛生福利部、內政部警政署就「青少年法治教育與犯罪防制成效」進行專題報告，並備質詢。 二、審查及處理113年度中央政府總預算關於法務部及所屬主管預算凍結項目共6案。 【其中各案如經院會復議，則不予審查、處理】,https://ivod.ly.gov.tw/Play/Full/300K/15771,1101,
11,1,2024-03-28,09:00,社會福利及衛生環境委員會,立法院第11屆第1會期社會福利及衛生環境委員會第9次全體委員會議,一、邀請衛生福利部部長就「社會安全網缺失檢討及具體改進作法」進行專題報告，並備質詢。 二、邀請衛生福利部部長、教育部次長就「出養童遭虐致死事件檢討會議要求新北市政府、臺北市政府及兒童福利聯盟所提供之檢討報告」進行專題報告，並備質詢。 三、處理中華民國113年度中央政府總預算決議有關衛生福利部主管預算凍結案18案（報告事項）。【第18案，如經復議則不予處理】 【專題報告綜合詢答】 【3月27日及28日二天一次會】,https://ivod.ly.gov.tw/Play/Full/300K/15767,1101,
11,1,2024-03-28,09:00,外交及國防委員會,立法院第11屆第1會期外交及國防委員會第10次全體委員會議,一、邀請外交部部長報告「美國2024年大選過程對我國及印太地區的衝擊及影響」，並備質詢。 二、處理院會交付113年度中央政府總預算決議，外交部主管預算凍結案等 6案。,https://ivod.ly.gov.tw/Play/Full/300K/15770,1101,
11,1,2024-03-28,09:00,教育及文化委員會,立法院第11屆第1會期教育及文化委員會第5次全體委員會議,邀請核能安全委員會主任委員陳東陽列席報告業務概況，並備質詢。（3月27日及28日二天一次會）,https://ivod.ly.gov.tw/Play/Full/300K/15768,1101,
11,1,2024-03-28,09:00,內政委員會,立法院第11屆第1會期內政委員會第8次全體委員會議,一、繼續審查行政院函請審議「海洋保育法草案」案。二、繼續審查委員楊瓊瓔等20人擬具「海洋保育法草案」案。三、審查委員伍麗華Saidhai Tahovecahe等16人擬具「海洋保育法草案」案。四、審查委員王美惠等17人擬具「海洋保育法草案」案。五、審查委員黃捷等18人擬具「海洋保育法草案」案。六、審查委員羅廷瑋等18人擬具「海洋保育法草案」案。七、審查委員鄭天財Sra Kacaw等19人擬具「海洋保育法草案」案。【第四案至第七案，如經復議，則不予審查。】八、審查委員蘇巧慧等16人擬具「海洋保育法草案」案。九、審查委員羅美玲等17人擬具「海洋保育法草案」案。十、審查委員許宇甄等20人擬具「海洋保育法草案」案。十一、審查委員莊瑞雄等20人擬具「海洋保育法草案」案。【第八案至第十一案，如未經各黨團簽署不復議同意書，則不予審查。】,https://ivod.ly.gov.tw/Play/Full/300K/15769,1101,
11,1,2024-03-29,09:00,院會,第11屆第1會期第7次會議,一、討論事項：本院國民黨黨團，為避免物價因電價調漲，民生痛苦指數飆升，因此反對台電公司調漲電價，建請院會作成決議：立即停止調漲電價，並要求行政院責成相關部會即刻檢討現行能源政策並提出因應對策與配套措施，以兼顧人民生計、維持供電穩定及台電公司之正常營運。是否有當？請公決案等3案。（3月29日）  二、審計長列席報告中華民國111年度中央政府總決算審核報告等案審核經過並備諮詢。（4月2日） 三、3月29日上午9時至10時為國是論壇時間。  四、4月2日下午1時50分至2時30分為處理臨時提案時間。,https://ivod.ly.gov.tw/Play/Full/300K/15772,1101,
11,1,2024-04-01,09:00,內政委員會,立法院第11屆第1會期內政委員會第9次全體委員會議,一、邀請原住民族委員會主任委員、財團法人原住民族文化事業基金會董事長、財團法人原住民族語言研究發展基金會董事長就以下事項進行專題報告，並備質詢： 一 2016年至2024年原住民族自治法及都市原住民發展條例立法推動歷程。 二 如何協助地方政府推動都市原住民政策。 三 部落產業發展及食農教育政策辦理情形。 四 部落地方創生計畫執行現況與未來發展。 五 原住民族學校法立法推動情形。 六 原住民族知識體系辦理情形。 七 如何改善原住民族語言推動組織之需求。 八 原住民族語言推動現況與預算執行檢討。 九 如何制定保障土地與居住權益之「原住民族土地使用規則（草案）」。 十 國土計畫法施行後部落自有住宅合法化推動規劃。 十一 部落聯絡道路養護及預算不足之辦理情形。 十二 如何協助原鄉公所基礎設施預算不足之困境。 十三 原住民族家庭服務中心轉型規劃辦理情形。 十四 如何精進原住民族文化健康站並落實老幼共學政策。 十五 原住民族電視臺及廣播電臺之各職類薪資待遇暨升遷制度及人才培育規劃。二、審查委員鄭天財Sra Kacaw等20人擬具「原住民族基本法增訂第二十條之一條文草案」案。 僅詢答 【4月1日及3日兩天一次會】,https://ivod.ly.gov.tw/Play/Full/300K/15778,1101,
11,1,2024-04-01,09:00,外交及國防委員會,立法院第11屆第1會期外交及國防委員會第11次全體委員會議,邀請國防部部長邱國正、經濟部次長報告「國防自主政策推動具體成效暨未來目標」，併請國家科學及技術委員會列席，並備質詢。,https://ivod.ly.gov.tw/Play/Full/300K/15779,1101,
11,1,2024-04-01,09:00,財政委員會,立法院第11屆第1會期財政委員會第6次全體委員會議,邀請財政部莊部長翠雲、金融監督管理委員會黃主任委員天牧、內政部、國家發展委員會就「如何積極推動金融業投注國內公共建設，並達成社宅百萬戶之政策目標」進行專題報告，並備質詢。 【4月1日及3日二天一次會】,https://ivod.ly.gov.tw/Play/Full/300K/15774,1101,
11,1,2024-04-01,09:00,交通委員會,立法院第11屆第1會期交通委員會第6次全體委員會議,邀請交通部部長王國材就「極端氣候災防預警暨汛期防汛準備辦理情形」進行專題報告，並備質詢。,https://ivod.ly.gov.tw/Play/Full/300K/15777,1101,
11,1,2024-04-01,09:00,經濟委員會,立法院第11屆第1會期經濟、交通兩委員會第1次聯席會議,審查本院委員傅崐萁等53人擬具「環島高速鐵路建設特別條例草案」案。 詢答及處理 ,https://ivod.ly.gov.tw/Play/Full/300K/15776,1101,
11,1,2024-04-01,09:00,司法及法制委員會,立法院第11屆第1會期司法及法制委員會第11次全體委員會議,一、審查 （一）台灣民眾黨黨團擬具「立法院職權行使法部分條文修正草案」案。 （二）委員楊瓊瓔等20人擬具「立法院職權行使法部分條文修正草案」案。 （三）委員傅崐萁等52人擬具「立法院職權行使法部分條文修正草案」案。 （四）委員吳宗憲等16人擬具「立法院職權行使法部分條文修正草案」案。 （五）委員吳宗憲等17人擬具「立法院職權行使法第十七條條文修正草案」案。 （六）委員傅崐萁等52人擬具「立法院職權行使法部分條文修正草案」案。 （七）委員吳宗憲等17人擬具「立法院職權行使法部分條文修正草案」案。 （八）委員翁曉玲等16人擬具「立法院職權行使法第十五條、第二十九條及第四十四條條文修正草案」案。 （九）委員傅崐萁等52人擬具「立法院職權行使法第十五條之一、第十五條之二及第十五條之四條文修正草案」案。 （十）委員翁曉玲等16人擬具「立法院職權行使法第十五條之一、第十五條之二及第十五條之四條文修正草案」案。 （十一）委員吳宗憲等16人擬具「立法院職權行使法第十五條之一、第十五條之二及第十五條之四條文修正草案」案。 （十二）委員賴瑞隆等17人擬具「立法院職權行使法第十五條之二條文修正草案」案。 （十三）委員賴士葆等20人擬具「立法院職權行使法增訂部分條文草案」案。 （十四）委員吳宗憲等18人擬具「立法院職權行使法第二十五條及第二十六條條文修正草案」案。 （十五）委員翁曉玲等18人擬具「立法院職權行使法第二十五條條文修正草案」案。 二、審查 （一）委員傅崐萁等52人擬具「中華民國刑法增訂第五章之一章名、第一百四十一條之一及第一百四十一條之二條文草案」案。 （二）委員翁曉玲等19人擬具「中華民國刑法增訂第一百四十條之一條文草案」案。 三、審查 （一）委員羅智強等20人擬具「立法委員互選院長副院長辦法第一條條文修正草案」案。 （二）台灣民眾黨黨團擬具「立法委員互選院長副院長辦法第一條及第一條之一條文修正草案」案。 （三）委員魯明哲等24人擬具「立法委員互選院長副院長辦法第一條條文修正草案」案。 【第一案（四）、（五）、（七）、（十一）至（十五）及第二案（二）各黨團若未提出不復議同意書，則不予審查】 【僅進行詢答】,https://ivod.ly.gov.tw/Play/Full/300K/15780,1101,
11,1,2024-04-01,09:00,社會福利及衛生環境委員會,立法院第11屆第1會期社會福利及衛生環境委員會第10次全體委員會議,邀請衛生福利部部長、環境部、行政院食品安全辦公室、行政院消費者保護會、臺灣菸酒股份有限公司就「蘇丹紅、小林製藥紅麴原料以及寶林茶室食物中毒案等重大食安事件之檢討與策進作為」進行專題報告，並備質詢。,https://ivod.ly.gov.tw/Play/Full/300K/15775,1101,
11,1,2024-04-02,09:00,院會,第11屆第1會期第7次會議,一、討論事項：本院國民黨黨團，為避免物價因電價調漲，民生痛苦指數飆升，因此反對台電公司調漲電價，建請院會作成決議：立即停止調漲電價，並要求行政院責成相關部會即刻檢討現行能源政策並提出因應對策與配套措施，以兼顧人民生計、維持供電穩定及台電公司之正常營運。是否有當？請公決案等3案。（3月29日）  二、審計長列席報告中華民國111年度中央政府總決算審核報告等案審核經過並備諮詢。（4月2日） 三、3月29日上午9時至10時為國是論壇時間。  四、4月2日下午1時50分至2時30分為處理臨時提案時間。,https://ivod.ly.gov.tw/Play/Full/300K/15781,1101,
11,1,2024-04-02,12:00,程序委員會,立法院第11屆第1會期程序委員會第5次會議,審定本院第11屆第1會期第8次會議議事日程 及人民請願案,https://ivod.ly.gov.tw/Play/Full/300K/15782,1101,
11,1,2024-04-03,09:00,社會福利及衛生環境委員會,立法院第11屆第1會期社會福利及衛生環境委員會公聽會,舉行「人工生殖法條文修正草案」公聽會,https://ivod.ly.gov.tw/Play/Full/300K/15784,1101,
11,1,2024-04-03,09:00,司法及法制委員會,立法院第11屆第1會期司法及法制委員會公聽會,「啟動國會改革─立法院職權行使法相關法案」公聽會,https://ivod.ly.gov.tw/Play/Full/300K/15788,1101,
11,1,2024-04-03,09:00,財政委員會,立法院第11屆第1會期財政委員會第6次全體委員會議,一、邀請金融監督管理委員會黃主任委員天牧、財政部莊部長翠雲、經濟部、行政院消費者保護處就「如何改善我國融資公司因缺乏監管所衍生之社會亂象，以穩定金融市場並保障消費者權益」進行專題報告，並備質詢；另邀請內政部警政署、法務部列席備詢。 二、處理中華民國113年度中央政府總預算決議，有關金融監督管理委員會主管預算凍結書面報告案28案。[如經院會復議，則不予處理] 【4月1日及3日二天一次會】,https://ivod.ly.gov.tw/Play/Full/300K/15783,1101,
11,1,2024-04-03,09:00,交通委員會,立法院第11屆第1會期交通委員會召開「道路交通管理處罰條例」修法公聽會,召開「道路交通管理處罰條例」修法公聽會,https://ivod.ly.gov.tw/Play/Full/300K/15787,1101,
11,1,2024-04-03,09:00,經濟委員會,立法院第11屆第1會期經濟委員會第6次全體委員會議,繼續審查113年度中央政府總預算案附屬單位預算營業部分關於經濟部主管：台灣自來水股份有限公司。 處理 ,https://ivod.ly.gov.tw/Play/Full/300K/15786,1101,
11,1,2024-04-03,09:00,教育及文化委員會,立法院第11屆第1會期教育及文化委員會第6次全體委員會議,邀請教育部次長率體育署列席就「完善國家代表隊選手權利義務及健全我國運動產業環境」進行專題報告，並備質詢。,https://ivod.ly.gov.tw/Play/Full/300K/15785,1101,
11,1,2024-04-08,09:00,內政委員會,立法院第11屆第1會期內政委員會第10次全體委員會議,一、邀請客家委員會主任委員率同所屬及財團法人客家公共傳播基金會董事長列席報告業務概況，並備質詢。二、處理113年度中央政府總預算案有關客家委員會及所屬預算凍結案計6案。 一 客家委員會函，為113年度中央政府總預算決議，檢送決議（一）預算凍結100萬元書面報告，請查照案。 二 客家委員會函，為113年度中央政府總預算決議，檢送決議（二）預算凍結100萬元書面報告，請查照案。 三 客家委員會函，為113年度中央政府總預算決議，檢送決議（三）預算凍結50萬元書面報告，請查照案。 四 客家委員會函，為113年度中央政府總預算決議，檢送決議（四）預算凍結50萬元書面報告，請查照案。 五 客家委員會函，為113年度中央政府總預算決議，檢送決議（五）預算凍結20萬元書面報告，請查照案。 六 客家委員會函，為113年度中央政府總預算決議，檢送決議（二十四）預算凍結100萬元書面報告，請查照案。三、審查或處理113年度中央政府總預算案有關大陸委員會預算凍結案計5案。 一 大陸委員會函，為113年度中央政府總預算決議，檢送「一般行政」預算凍結50萬元書面報告，請查照案。 二 大陸委員會函，為113年度中央政府總預算決議，檢送「綜合規劃業務」預算凍結200萬元專案報告，請查照案。 三 大陸委員會函，為113年度中央政府總預算決議，檢送「經濟業務」預算凍結100萬元書面報告，請查照案。 四 大陸委員會函，為113年度中央政府總預算決議，檢送「法政業務」預算凍結200萬元書面報告，請查照案。 五 大陸委員會函，為113年度中央政府總預算決議，檢送「港澳蒙藏業務」預算凍結200萬元書面報告，請查照案。,https://ivod.ly.gov.tw/Play/Full/300K/15790,1101,
11,1,2024-04-08,09:00,社會福利及衛生環境委員會,立法院第11屆第1會期社會福利及衛生環境委員會第11次全體委員會議,邀請勞動部、行政院人事行政總處、銓敘部、教育部、國防部就「安心生養！試辦彈性育嬰假及如何提高男性育嬰留停比例」進行專題報告，並備質詢。 【4月8日及10日二天一次會】,https://ivod.ly.gov.tw/Play/Full/300K/15789,1101,
11,1,2024-04-09,09:00,院會,第11屆第1會期第8次會議,一、討論事項：本院國民黨黨團，建請院會作成決議：「立即停止調漲電價，並要求行政院責成相關部會即刻檢討現行能源政策並提出因應對策與配套措施，以兼顧人民生計、維持供電穩定及台電公司之正常營運。」是否有當？請公決案等3案。  二、4月9日上午9時至10時為國是論壇時間。  三、4月9日下午5時至6時為處理臨時提案時間。,https://ivod.ly.gov.tw/Play/Full/300K/15791,1101,
11,1,2024-04-09,12:00,程序委員會,立法院第11屆第1會期程序委員會第6次會議,審定本院第11屆第1會期第9次會議議事日程 及人民請願案,https://ivod.ly.gov.tw/Play/Full/300K/15792,1101,
11,1,2024-04-10,09:00,社會福利及衛生環境委員會,立法院第11屆第1會期社會福利及衛生環境委員會第11次全體委員會議,一、審查  一 委員邱議瑩等25人擬具「再生醫療法草案」案。  二 委員謝衣鳯等19人擬具「再生醫療發展法草案」案。  三 委員羅廷瑋等21人擬具「再生醫療法草案」案。 二、審查  一 委員邱議瑩等25人擬具「再生醫療製劑條例草案」案。  二 委員謝衣鳯等18人擬具「再生醫療製劑管理條例草案」案。  三 委員羅廷瑋等21人擬具「再生醫療製劑管理條例草案」案。 【一、二案採綜合詢答，本日會議僅詢答】 【4月8日及10日二天一次會】,https://ivod.ly.gov.tw/Play/Full/300K/15796,1101,
11,1,2024-04-10,09:00,財政委員會,立法院第11屆第1會期財政委員會第7次全體委員會議,一、審查「所得稅法」12案：  一  審查本院委員羅明才等23人擬具「所得稅法第十五條條文修正草案」案。  二  審查本院國民黨黨團、台灣民眾黨黨團、委員馬文君等16人、委員魯明哲等23人、委員謝龍介等20人、委員賴士葆等17人、委員賴士葆等18人、委員林德福等21人、委員楊瓊瓔等16人、委員賴士葆等28人、委員王正旭等17人分別擬具「所得稅法第十七條條文修正草案」等11案。【本院國民黨黨團、台灣民眾黨黨團、委員賴士葆等28人及委員王正旭等17人提案如經院會復議，則不予審查】 二、審查「加值型及非加值型營業稅法」4案：  一  行政院函請審議「加值型及非加值型營業稅法部分條文修正草案」案。  二  本院台灣民眾黨黨團、委員黃捷等17人、委員吳宗憲等18人分別擬具「加值型及非加值型營業稅法第八條條文修正草案」等3案。【本院委員黃捷等17人及委員吳宗憲等18人提案如經院會復議，則不予審查】 【11日下午2時止，4月10日及11日二天一次會，僅詢答】,https://ivod.ly.gov.tw/Play/Full/300K/15795,1101,
11,1,2024-04-10,09:00,司法及法制委員會,立法院第11屆第1會期司法及法制委員會公聽會,「如何落實國會調查／聽證權以有效監督行政機關，並避免侵犯人民自由／隱私權」公聽會,https://ivod.ly.gov.tw/Play/Full/300K/15799,1101,
11,1,2024-04-10,09:00,經濟委員會,立法院第11屆第1會期經濟委員會第7次全體委員會議,繼續審查113年度中央政府總預算案附屬單位預算非營業部分關於行政院主管：行政院國家發展基金、離島建設基金、花東地區永續發展基金及促進轉型正義基金。 處理 【4月10日及11日二天一次會】,https://ivod.ly.gov.tw/Play/Full/300K/15798,1101,
11,1,2024-04-10,09:00,教育及文化委員會,立法院第11屆第1會期教育及文化委員會第7次全體委員會議,邀請教育部列席就「『擴大幼兒教保公共化』成效及未來策略」進行專題報告，並備質詢。（4月10日及11日二天一次會）,https://ivod.ly.gov.tw/Play/Full/300K/15797,1101,
11,1,2024-04-11,09:00,教育及文化委員會,立法院第11屆第1會期教育及文化委員會第7次全體委員會議,邀請國家科學及技術委員會列席就「國家科技發展策略與布局」進行專題報告，並備質詢。（4月10日及11日二天一次會）,https://ivod.ly.gov.tw/Play/Full/300K/15800,1101,
11,1,2024-04-11,09:00,經濟委員會,立法院第11屆第1會期經濟委員會第7次全體委員會議,一、審查： （一）行政院函請審議「遠洋漁業條例第十四條之一、第三十六條之一及第四十七條條文修正草案」案。 （二）本院委員邱鎮軍等18人擬具「遠洋漁業條例部分條文修正草案」案。 （三）本院委員楊瓊瓔等21人擬具「遠洋漁業條例增訂第十四條之一及第三十八條之一條文草案」案。           （第二案及第三案如經復議，則不予審查。） 二、審查： （一）行政院函請審議「野生動物保育法部分條文修正草案」案。 （二）本院委員鄭天財Sra Kacaw等21人擬具「野生動物保育法部分條文修正草案」案。 （三）本院委員賴瑞隆等16人擬具「野生動物保育法部分條文修正草案」案。 （四）本院委員黃捷等22人擬具「野生動物保育法部分條文修正草案」案。 （五）本院委員伍麗華Saidhai Tahovecahe等16人擬具「野生動物保育法部分條文修正草案」案。 （六）本院委員郭昱晴等16人擬具「野生動物保育法部分條文修正草案」案。 （七）本院委員呂玉玲等17人擬具「野生動物保育法第十九條、第二十一條及第二十一條之一條文修正草案」案。 （八）本院委員張雅琳等18人擬具「野生動物保育法部分條文修正草案」案。 　      （第八案如經復議，則不予審查。） 【4月10日及11日二天一次會】,https://ivod.ly.gov.tw/Play/Full/300K/15801,1101,
11,1,2024-04-11,09:00,司法及法制委員會,立法院第11屆第1會期司法及法制委員會公聽會,「如何落實國會調查／聽證權以有效監督行政機關，並防範機密外洩危害國安」公聽會,https://ivod.ly.gov.tw/Play/Full/300K/15802,1101,
11,1,2024-04-12,09:00,院會,第11屆第1會期第9次會議,一、討論事項：本院國民黨黨團，建請院會作成決議：「立即停止調漲電價，並要求行政院責成相關部會即刻檢討現行能源政策並提出因應對策與配套措施，以兼顧人民生計、維持供電穩定及台電公司之正常營運。」是否有當？請公決案等5案。 二、4月12日上午9時至10時為國是論壇時間。 三、4月16日下午5時至6時為處理臨時提案時間。,https://ivod.ly.gov.tw/Play/Full/300K/15803,1101,
11,1,2024-04-15,09:00,外交及國防委員會,立法院第11屆第1會期外交及國防委員會第12次全體委員會議,邀請外交部部長吳釗燮報告「我國國際合作發展具體成效暨未來目標」，並備質詢。,https://ivod.ly.gov.tw/Play/Full/300K/15809,1101,
11,1,2024-04-15,09:00,社會福利及衛生環境委員會,立法院第11屆第1會期社會福利及衛生環境委員會第12次全體委員會議,邀請衛生福利部部長、內政部、法務部、教育部、數位發展部、國家通訊傳播委員會、文化部就「數位技術普及造成兒少性剝削案件增加之因應作為與現行政策檢討」進行專題報告，並備質詢。 【4月15日及17日二天一次會】,https://ivod.ly.gov.tw/Play/Full/300K/15805,1101,
11,1,2024-04-15,09:00,教育及文化委員會,立法院第11屆第1會期教育及文化委員會「學生輔導法」修法公聽會,立法院第11屆第1會期教育及文化委員會「學生輔導法」修法公聽會,https://ivod.ly.gov.tw/Play/Full/300K/15806,1101,
11,1,2024-04-15,09:00,司法及法制委員會,立法院第11屆第1會期司法及法制委員會第12次全體委員會議,一、 （一）繼續審查台灣民眾黨黨團擬具「立法院職權行使法部分條文修正草案」案。 （二）繼續審查委員楊瓊瓔等20人擬具「立法院職權行使法部分條文修正草案」案。 （三）繼續審查委員傅崐萁等52人擬具「立法院職權行使法部分條文修正草案」案。 （四）繼續審查委員傅崐萁等52人擬具「立法院職權行使法部分條文修正草案」案。 （五）繼續審查委員翁曉玲等16人擬具「立法院職權行使法第十五條、第二十九條及第四十四條條文修正草案」案。 （六）繼續審查委員傅崐萁等52人擬具「立法院職權行使法第十五條之一、第十五條之二及第十五條之四條文修正草案」案。 （七）繼續審查委員翁曉玲等16人擬具「立法院職權行使法第十五條之一、第十五條之二及第十五條之四條文修正草案」案。 （八）審查委員吳宗憲等16人擬具「立法院職權行使法部分條文修正草案」案。 （九）審查委員吳宗憲等17人擬具「立法院職權行使法第十七條條文修正草案」案。 （十）審查委員吳宗憲等17人擬具「立法院職權行使法部分條文修正草案」案。 （十一）審查委員吳宗憲等16人擬具「立法院職權行使法第十五條之一、第十五條之二及第十五條之四條文修正草案」案。 （十二）審查委員賴瑞隆等17人擬具「立法院職權行使法第十五條之二條文修正草案」案。 （十三）審查委員賴士葆等20人擬具「立法院職權行使法增訂部分條文草案」案。 （十四）審查委員吳宗憲等18人擬具「立法院職權行使法第二十五條及第二十六條條文修正草案」案。 （十五）審查委員翁曉玲等18人擬具「立法院職權行使法第二十五條條文修正草案」案。 二、 （一）繼續審查委員傅崐萁等52人擬具「中華民國刑法增訂第五章之一章名、第一百四十一條之一及第一百四十一條之二條文草案」案。 （二）審查委員翁曉玲等19人擬具「中華民國刑法增訂第一百四十條之一條文草案」案。 三、 （一）繼續審查委員羅智強等20人擬具「立法委員互選院長副院長辦法第一條條文修正草案」案。 （二）繼續審查台灣民眾黨黨團擬具「立法委員互選院長副院長辦法第一條及第一條之一條文修正草案」案。 （三）繼續審查委員魯明哲等24人擬具「立法委員互選院長副院長辦法第一條條文修正草案」案。,https://ivod.ly.gov.tw/Play/Full/300K/15810,1101,
11,1,2024-04-15,09:00,交通委員會,立法院第11屆第1會期交通委員會第7次全體委員會議,一、繼續審查行政院函請審議「電子簽章法修正草案」案。 二、繼續審查委員葛如鈞等22人擬具「電子簽章法修正草案」案。 三、審查委員蔡其昌等18人擬具「電子簽章法修正草案」案。 【進行逐條審查】 【4月15日、17日及18日三天一次會】,https://ivod.ly.gov.tw/Play/Full/300K/15807,1101,
11,1,2024-04-15,09:00,內政委員會,立法院第11屆第1會期內政委員會第11次全體委員會議,邀請內政部部長、行政院主計總處副主計長、原住民族委員會、行政院公共工程委員會、交通部、交通部觀光署、環境部、勞動部、農業部、教育部、衛生福利部、經濟部、財政部、國軍退除役官兵輔導委員會、金融監督管理委員會就「0403震災之災後救助、重建規劃及補助方式」及「從東華實驗室失火事件檢討災害防救之完備化」進行專題報告，並備質詢。,https://ivod.ly.gov.tw/Play/Full/300K/15808,1101,
11,1,2024-04-16,09:00,院會,第11屆第1會期第9次會議,一、討論事項：本院國民黨黨團，建請院會作成決議：「立即停止調漲電價，並要求行政院責成相關部會即刻檢討現行能源政策並提出因應對策與配套措施，以兼顧人民生計、維持供電穩定及台電公司之正常營運。」是否有當？請公決案等5案。 二、4月12日上午9時至10時為國是論壇時間。 三、4月16日下午5時至6時為處理臨時提案時間。,https://ivod.ly.gov.tw/Play/Full/300K/15811,1101,
11,1,2024-04-16,12:00,程序委員會,立法院第11屆第1會期程序委員會第7次會議,審定本院第11屆第1會期第10次會議議事日程 及人民請願案,https://ivod.ly.gov.tw/Play/Full/300K/15812,1101,
11,1,2024-04-17,09:00,教育及文化委員會,立法院第11屆第1會期教育及文化委員會第8次全體委員會議,邀請教育部部長潘文忠列席就「教改30年廣設大學及技專升格如今面臨整併退場之問題及對策」進行專題報告，並備質詢。 （4月17日及18日二天一次會）,https://ivod.ly.gov.tw/Play/Full/300K/15816,1101,
11,1,2024-04-17,09:00,內政委員會,立法院第11屆第1會期內政、經濟委員會第1次聯席會議,一、審查委員高金素梅等19人擬具「原住民保留地禁伐補償條例第六條條文修正草案」案。二、審查委員鄭天財Sra Kacaw等18人擬具「原住民保留地禁伐補償條例第五條及第六條條文修正草案」案。三、審查委員盧縣一等19人擬具「原住民保留地禁伐補償條例第三條及第六條條文修正草案」案。四、審查委員伍麗華Saidhai Tahovecahe等16人擬具「原住民保留地禁伐補償條例第三條及第六條條文修正草案」案。【第四案如經院會復議，則不予審查】,https://ivod.ly.gov.tw/Play/Full/300K/15817,1101,
11,1,2024-04-17,09:00,司法及法制委員會,立法院第11屆第1會期司法及法制委員會第13次全體委員會議,併案審查 （一）委員黃健豪等20人擬具「中華民國刑法第二百八十六條條文修正草案」案。 （二）委員徐巧芯等18人擬具「中華民國刑法第二百八十六條條文修正草案」案。 （三）委員廖偉翔等19人擬具「中華民國刑法第七十七條及第二百七十二條之一條文修正草案」案。 （四）委員王育敏等20人擬具「中華民國刑法第二百八十六條條文修正草案」案。 （五）委員楊瓊瓔等20人擬具「中華民國刑法第二百八十六條條文修正草案」案。 （六）委員蘇清泉等28人擬具「中華民國刑法第二百八十六條及第二百八十六條之一條文修正草案」案。 （七）國民黨黨團擬具「中華民國刑法第二百八十六條條文修正草案」案。 （八）委員柯志恩等19人擬具「中華民國刑法第二百八十六條條文修正草案」案。 （九）委員徐欣瑩等18人擬具「中華民國刑法第二百八十六條條文修正草案」案。 （十）委員陳超明等22人擬具「中華民國刑法第二百八十六條條文修正草案」案。 【第（九）、（十）案如經院會復議，則不予審查】,https://ivod.ly.gov.tw/Play/Full/300K/15819,1101,
11,1,2024-04-17,09:00,財政委員會,立法院第11屆第1會期財政委員會第8次全體委員會議,邀請金融監督管理委員會黃主任委員天牧、財政部莊部長翠雲、經濟部、行政院消費者保護處就「如何改善我國融資公司因缺乏監管所衍生之社會亂象，以穩定金融市場並保障消費者權益」進行專題報告，並備質詢；另邀請內政部警政署、法務部列席備詢。,https://ivod.ly.gov.tw/Play/Full/300K/15814,1101,
11,1,2024-04-17,09:00,外交及國防委員會,立法院第11屆第1會期外交及國防委員會第13次全體委員會議【含秘密會議】,邀請國防部部長邱國正報告「潛艦國造建案沿革及目前進度」，並備質詢。,https://ivod.ly.gov.tw/Play/Full/300K/15818,1101,
11,1,2024-04-17,09:00,社會福利及衛生環境委員會,立法院第11屆第1會期社會福利及衛生環境委員會第12次全體委員會議,邀請環境部部長、經濟部、行政院國家永續發展委員會就「限塑政策執行成效，及家戶與一般事業廢棄物減量之檢討與策進作為」進行專題報告，並備質詢。 【4月15日及17日二天一次會】,https://ivod.ly.gov.tw/Play/Full/300K/15815,1101,
11,1,2024-04-17,10:00,交通委員會,立法院第11屆第1會期交通委員會第7次全體委員會議,一、邀請交通部部長王國材就「花蓮地震公路、鐵路、空運、海運應變機制」進行專題報告，並備質詢。 二、審查委員傅崐萁等53人擬具「國道六號東延花蓮建設特別條例草案」案。 【詢答及處理】 【4月15日、17日及18日三天一次會】,https://ivod.ly.gov.tw/Play/Full/300K/15820,1101,
11,1,2024-04-17,13:00,朝野黨團協商(交通委員會),立法院朝野黨團協商,本院交通委員會報告審查委員傅崐萁等33人擬具「花東快速公路建設特別條例草案」案。,https://ivod.ly.gov.tw/Play/Full/300K/15821,1101,
11,1,2024-04-17,14:00,內政委員會,立法院第11屆第1會期內政委員會第12次全體委員會議,討論立法院內政委員會「數位身分證換發政策及預算執行調閱小組運作要點」草案。,https://ivod.ly.gov.tw/Play/Full/300K/15822,1101,
11,1,2024-04-18,09:00,司法及法制委員會,立法院第11屆第1會期司法及法制委員會第14次全體委員會議,審查 一、民進黨黨團擬具「立法院職權行使法部分條文修正草案」案。 二、委員呂玉玲等17人擬具「立法院職權行使法第十五條之一條文修正草案」案。 三、委員呂玉玲等16人擬具「立法院職權行使法增訂第二十八條之三及第二十八條之四條文草案」案。 四、委員鄭天財Sra Kacaw等19人擬具「立法院職權行使法部分條文修正草案」案。 五、委員翁曉玲等17人擬具「立法院職權行使法部分條文修正草案」案。,https://ivod.ly.gov.tw/Play/Full/300K/15829,1101,
11,1,2024-04-18,09:00,教育及文化委員會,立法院第11屆第1會期教育及文化委員會第8次全體委員會議,一、審查委員柯志恩等16人擬具「大學法第三十五條條文修正草案」案。 二、審查委員柯志恩等16人擬具「專科學校法第四十四條條文修正草案」案。 三、審查 一 委員柯志恩等17人擬具「國民體育法第五條條文修正草案」案。 二 委員莊瑞雄等21人擬具「國民體育法第二十三條條文修正草案」案。 三 委員蔡其昌等21人擬具「國民體育法第二十三條條文修正草案」案。 四 委員何欣純等20人擬具「國民體育法部分條文修正草案」案。【第 四 案，如未接獲議事處來函，則不予審查】。  僅進行詢答 【4月17日及18日二天一次會】,https://ivod.ly.gov.tw/Play/Full/300K/15824,1101,
11,1,2024-04-18,09:00,內政委員會,立法院第11屆第1會期內政、司法及法制委員會第1次聯席會議,一、審查委員高金素梅等21人擬具「地方制度法第三十三條條文修正草案」案。二、審查委員鄭天財Sra Kacaw等17人擬具「地方制度法第三十三條條文修正草案」案。 三、審查委員賴士葆等20人擬具「地方制度法第七條之一條文修正草案」案。四、審查委員陳玉珍等18人擬具「地方制度法增訂第七條之四條文草案」案。,https://ivod.ly.gov.tw/Play/Full/300K/15827,1101,
11,1,2024-04-18,09:00,外交及國防委員會,立法院第11屆第1會期外交及國防委員會第14次全體委員會議,邀請僑務委員會委員長徐佳青報告「如何增進海外僑胞對國家之認同與支持具體做法」，並備質詢。,https://ivod.ly.gov.tw/Play/Full/300K/15828,1101,
11,1,2024-04-18,09:00,經濟委員會,立法院第11屆第1會期經濟委員會第8次全體委員會議,審查113年度中央政府總預算案附屬單位預算非營業部分關於經濟部主管：經濟作業基金、水資源作業基金、經濟特別收入基金、核能發電後端營運基金。 詢答 ,https://ivod.ly.gov.tw/Play/Full/300K/15825,1101,
11,1,2024-04-18,09:00,財政委員會,立法院第11屆第1會期財政委員會第9次全體委員會議,一、處理中華民國113年度中央政府總預算決議，有關行政院主計總處預算凍結書面報告案15案。 二、處理中華民國113年度中央政府總預算決議，有關第二預備金預算凍結書面報告案1案。 三、處理中華民國113年度中央政府總預算決議，有關審計部主管預算凍結書面報告案11案。 四、審查中華民國113年度中央政府總預算決議，有關行政院主計總處預算凍結書面報告案3案。 五、審查「證券投資信託及顧問法」3案：（僅詢答）  一 行政院函請審議、本院委員郭國文等16人擬具「證券投資信託及顧問法部分條文修正草案」等2案。  二 本院委員林楚茵等17人擬具「證券投資信託及顧問法第一條、第二條及第三條之一條文修正草案」案。 六、審查本院委員郭國文等16人擬具「不動產證券化條例部分條文修正草案」案。（僅詢答）,https://ivod.ly.gov.tw/Play/Full/300K/15823,1101,
11,1,2024-04-18,09:00,交通委員會,立法院第11屆第1會期交通委員會第7次全體委員會議,一、審查113年度中央政府總預算關於交通部主管預算凍結案計31案。 二、審查行政院函請審議「道路交通管理處罰條例第七條之一、第六十三條及第六十三條之二條文修正草案」案。 【僅進行詢答】 【4月15日、17日及18日三天一次會】,https://ivod.ly.gov.tw/Play/Full/300K/15826,1101,
11,1,2024-04-18,12:30,朝野黨團協商(經濟委員會),立法院朝野黨團協商,委員傅崐萁等53人擬具「環島高速鐵路建設特別條例草案」案,https://ivod.ly.gov.tw/Play/Full/300K/15830,1101,
11,1,2024-04-19,09:00,院會,第11屆第1會期第10次會議,一、討論事項：本院民進黨黨團，針對第11屆第1會期第5次會議報告事項第十案委員賴士葆等19人擬具「公務人員退休資遣撫卹法第六十七條條文修正草案」、第十一案委員賴士葆等20人擬具「公立學校教職員退休資遣撫卹條例第六十七條條文修正草案」及第一○八案委員張智倫等16人擬具「公務人員退休資遣撫卹法第三十七條條文修正草案」院會所作之決定提出復議。是否有當？請公決案等6案。 二、4月19日上午9時至10時為國是論壇時間。  三、4月23日下午5時至6時為處理臨時提案時間。,https://ivod.ly.gov.tw/Play/Full/300K/15831,1101,
11,1,2024-04-22,09:00,社會福利及衛生環境委員會,立法院第11屆第1會期社會福利及衛生環境委員會第13次全體委員會議,邀請環境部部長、交通部、經濟部、內政部警政署就「噪音管制與加速推動排氣管噪音認證」進行專題報告，並備質詢。 【4月22日、24日及25日三天一次會】,https://ivod.ly.gov.tw/Play/Full/300K/15833,1101,
11,1,2024-04-22,09:00,交通委員會,立法院第11屆第1會期交通委員會第8次全體委員會議,一、邀請國家運輸安全調查委員會主任委員林信得列席報告業務概況，並備質詢。 二、審查113年度中央政府總預算關於國家運輸安全調查委員會預算凍結案計6案。,https://ivod.ly.gov.tw/Play/Full/300K/15834,1101,
11,1,2024-04-22,09:00,財政委員會,立法院第11屆第1會期財政委員會第10次全體委員會議,一、審查「娛樂稅法」6案：  一  本院委員徐富癸等17人、委員陳秀寳等18人、委員羅明才等19人、委員王世堅等23人分別擬具「娛樂稅法第二條及第五條條文修正草案」等4案。【本院委員王世堅等23人提案須經各黨團簽署不復議同意書】  二  本院委員黃捷等19人、委員羅明才等16人分別擬廢止「娛樂稅法」等2案。【本院委員羅明才等16人提案須經各黨團簽署不復議同意書】 二、審查「保險法」4案：  一  本院委員羅明才等17人擬具「保險法第一百四十六條之四條文修正草案」案。  二  本院台灣民眾黨黨團、委員蔡易餘等19人、委員王鴻薇等16人分別擬具「保險法第一百七十七條條文修正草案」等3案。【本院台灣民眾黨黨團提案須經各黨團簽署不復議同意書】 三、審查人民請願案有關「娛樂稅法」3案。 【4月22日及24日二天一次會】,https://ivod.ly.gov.tw/Play/Full/300K/15832,1101,
11,1,2024-04-22,09:00,司法及法制委員會,立法院第11屆第1會期司法及法制委員會第15次全體委員會議,一、審查 （一）民進黨黨團擬具「立法院組織法部分條文修正草案」案。 （二）委員高金素梅等23人擬具「立法院組織法第三十二條條文修正草案」案。 （三）委員賴瑞隆等16人擬具「立法院組織法第三條、第五條及第三十二條條文修正草案」案。 （四）委員高金素梅等17人擬具「立法院組織法第三十三條條文修正草案」案。 二、審查 （一）民進黨黨團擬具「立法委員行為法第七條之一及第三十條條文修正草案」案。 （二）委員賴瑞隆等16人擬具「立法委員行為法部分條文修正草案」案。 （三）委員范雲等18人擬具「立法委員行為法第七條條文修正草案」案。 三、審查 （一）民進黨黨團擬具「立法院議事規則第四十七條、第四十八條及第五十二條條文修正草案」案。 （二）委員賴瑞隆等16人擬具「立法院議事規則第九條、第二十二條及第五十條條文修正草案」案。,https://ivod.ly.gov.tw/Play/Full/300K/15836,1101,
11,1,2024-04-22,09:00,內政委員會,立法院第11屆第1會期內政委員會第13次全體委員會議,一、處理113年度中央政府總預算案有關行政院預算凍結書面報告案計8案。 二、處理113年度中央政府總預算案有關不當黨產處理委員會預算凍結書面報告案計1案。 三、審查113年度中央政府總預算案有關行政院預算凍結書面報告案計2案。 四、審查113年度中央政府總預算案有關不當黨產處理委員會預算凍結書面報告案計2案。,https://ivod.ly.gov.tw/Play/Full/300K/15835,1101,
11,1,2024-04-23,09:00,院會,第11屆第1會期第10次會議,一、討論事項：本院台灣民眾黨黨團，針對第11屆第1會期第8次會議報告事項第32案院會所作之決定提出復議。是否有當？請公決案等9案。 二、4月19日上午9時至10時為國是論壇時間。  三、4月23日下午5時至6時為處理臨時提案時間。,https://ivod.ly.gov.tw/Play/Full/300K/15837,1101,
11,1,2024-04-23,12:00,程序委員會,立法院第11屆第1會期程序委員會第8次會議,審定本院第11屆第1會期第11次會議議事日程 及人民請願案,https://ivod.ly.gov.tw/Play/Full/300K/15838,1101,
11,1,2024-04-24,09:00,司法及法制委員會,立法院第11屆第1會期司法及法制委員會第16次全體委員會議,邀請司法院秘書長、法務部部長率所屬相關單位列席就「如何透過行政簡化、訴訟減量與科技運用以降低基層司法體系負擔之成效與精進期程」進行專題報告，並備質詢。,https://ivod.ly.gov.tw/Play/Full/300K/15845,1101,
11,1,2024-04-24,09:00,教育及文化委員會,立法院第11屆第1會期教育及文化委員會第9次全體委員會議,一、邀請核能安全委員會主任委員陳東陽、外交部、交通部、衛生福利部、農業部、海洋委員會列席就「我國周遭海域含氚廢水監控與因應」進行專題報告，並備質詢。 二、審查113年度中央政府總預算有關核能安全委員會主管預算 公務預算 解凍案4案。  4月24日及25日二天一次會 ,https://ivod.ly.gov.tw/Play/Full/300K/15841,1101,
11,1,2024-04-24,09:00,經濟委員會,立法院第11屆第1會期經濟委員會第9次全體委員會議,一、處理或審查113年度中央政府總預算有關經濟部及所屬主管預算凍結案等21案。 二、審查： （一）行政院函請審議「工廠管理輔導法第二十八條之十四、第三十一條及第三十九條條文修正草案」案。 （二）本院委員黃捷等17人擬具「工廠管理輔導法部分條文修正草案」案。 （三）本院委員黃建賓等17人擬具「工廠管理輔導法第二十八條之十四、第三十一條及第三十九條條文修正草案」案。 （四）本院委員林思銘等23人擬具「工廠管理輔導法第二十二條及第二十九條條文修正草案」案。 （五）本院委員王美惠等18人擬具「工廠管理輔導法第三十一條條文修正草案」案。 （六）本院委員邱議瑩等16人擬具「工廠管理輔導法第三十一條條文修正草案」案。 （七）本院委員蔡易餘等20人擬具「工廠管理輔導法第二十八條之十四、第三十一條及第三十九條條文修正草案」案。 （八）本院委員馬文君等18人擬具「工廠管理輔導法第二十八條之十四及第三十一條條文修正草案」案。 （九）本院委員鍾佳濱等17人擬具「工廠管理輔導法部分條文修正草案」案。 （十）本院委員楊瓊瓔等16人擬具「工廠管理輔導法第二十八條之十四、第三十一條及第三十九條條文修正草案」案。 （十一）本院台灣民眾黨黨團擬具「工廠管理輔導法第二十八條之十四、第三十一條及第三十九條條文修正草案」案。 【4月24日及25日二天一次會】,https://ivod.ly.gov.tw/Play/Full/300K/15842,1101,
11,1,2024-04-24,09:00,內政委員會,立法院第11屆第1會期內政委員會第14次全體委員會議,一、處理113年度中央政府總預算案有關內政部主管預算凍結書面報告案計24案。二、審查內政部函送國家住宅及都市更新中心113年度預算凍結書面報告案計1案。三、審查113年度中央政府總預算案有關內政部主管預算凍結書面報告案計6案。四、審查國籍法部分條文修正草案： 一 行政院函請審議「國籍法部分條文修正草案」案。 二 委員羅美玲等18人擬具「國籍法增訂第六條之一條文草案」案。  三 委員羅美玲等21人擬具「國籍法第四條條文修正草案」案。 四 委員蘇巧慧等18人擬具「國籍法第二條及第七條條文修正草案」案。  五 委員陳培瑜等18人擬具「國籍法增訂第六條之一條文草案」案。 六 委員鄭天財Sra Kacaw等19人擬具「國籍法部分條文修正草案」案。 七 委員陳玉珍等18人擬具「國籍法第四條及第七條條文修正草案」案。 八 委員林宜瑾等21人擬具「國籍法部分條文修正草案」案。 九 委員王美惠等19人擬具「國籍法部分條文修正草案」案。 十 委員吳沛憶等17人擬具「國籍法第四條條文修正草案」案。  十一 委員莊瑞雄等17人擬具「國籍法部分條文修正草案」案。 十二 委員鍾佳濱等16人擬具「國籍法部分條文修正草案」案。  十三 委員黃捷等20人擬具「國籍法第五條及第九條條文修正草案」案。 十四 委員王定宇等20人擬具「國籍法第二條及第十九條條文修正草案」案。 十五 委員林岱樺等17人擬具「國籍法第二條及第六條條文修正草案」案。 十六 台灣民眾黨黨團擬具「國籍法第四條及第七條條文修正草案」案。【第 十四 及 十五 如經院會復議則不予審查：第 十六 如未經各黨團簽署不復議同意書則不予審查】 113年4月24日（星期三）、4月25日（星期四）上午9時至下午5時30分【二天一次會】,https://ivod.ly.gov.tw/Play/Full/300K/15843,1101,
11,1,2024-04-24,09:00,外交及國防委員會,立法院第11屆第1會期外交及國防、司法及法制委員會第1次聯席會議,一、審查行政院函請審議「陸海空軍懲罰法修正草案」案。二、審查本院委員徐巧芯等18人擬具「陸海空軍懲罰法部分條文修正草案」案。三、審查行政院函請審議「軍人權益事件處理法草案」案。四、審查本院委員徐巧芯等20人擬具「軍人權益事件處理法草案」案。【4月24日及25日二天一次會】,https://ivod.ly.gov.tw/Play/Full/300K/15844,1101,
11,1,2024-04-24,09:00,社會福利及衛生環境委員會,立法院第11屆第1會期社會福利及衛生環境委員會第13次全體委員會議,一、邀請衛生福利部部長就「家暴零容忍 檢討112年家庭暴力防治法修正施行概況」進行專題報告，並備質詢。 二、邀請衛生福利部部長、國家通訊傳播委員會、數位發展部、內政部警政署、法務部、文化部、金融監督管理委員會就「非法網站創意私房案件，提出兒少性影像防制具體作為、檢討報告，並就兒童及少年性剝削防制條例修正方向」進行專題報告，並備質詢。 【專題報告綜合詢答】 【4月22日、24日及25日三天一次會】,https://ivod.ly.gov.tw/Play/Full/300K/15840,1101,
11,1,2024-04-24,12:00,朝野黨團協商(經濟委員會),立法院朝野黨團協商,國民黨黨團建請院會作成決議：本院國民黨黨團，為避免物價因電價調漲，民生痛苦指數飆升，因此反對台電公司調漲電價，建請院會作成決議：「立即停止調漲電價，並要求行政院責成相關部會即刻檢討現行能源政策並提出因應對策與配套措施，以兼顧人民生計、維持供電穩定及台電公司之正常營運。」是否有當？請公決案。,https://ivod.ly.gov.tw/Play/Full/300K/15846,1101,
11,1,2024-04-25,09:00,教育及文化委員會,立法院第11屆第1會期教育及文化委員會第9次全體委員會議,邀請文化部次長列席就「跨族群、跨平台、跨語言兒少服務計畫—公視第3台轉型兒少頻道」進行專題報告，並備質詢。  4月24日及25日二天一次會 ,https://ivod.ly.gov.tw/Play/Full/300K/15848,1101,
11,1,2024-04-25,09:00,社會福利及衛生環境委員會,立法院第11屆第1會期社會福利及衛生環境委員會第13次全體委員會議,邀請勞動部部長、法務部、原住民族委員會、內政部、衛生福利部就「就業服務法上路逾三十年，針對就業促進、歧視禁止、外國勞動力權益保障等面向進行全面檢視」進行專題報告，並備質詢。 【4月22日、24日及25日三天一次會】,https://ivod.ly.gov.tw/Play/Full/300K/15847,1101,
11,1,2024-04-25,09:00,司法及法制委員會,立法院第11屆第1會期司法及法制委員會第17次全體委員會議,一、繼續審查 （一）民進黨黨團擬具「立法院組織法部分條文修正草案」案。 （二）委員高金素梅等23人擬具「立法院組織法第三十二條條文修正草案」案。 （三）委員賴瑞隆等16人擬具「立法院組織法第三條、第五條及第三十二條條文修正草案」案。 （四）委員高金素梅等17人擬具「立法院組織法第三十三條條文修正草案」案。 二、繼續審查 （一）民進黨黨團擬具「立法委員行為法第七條之一及第三十條條文修正草案」案。 （二）委員賴瑞隆等16人擬具「立法委員行為法部分條文修正草案」案。 （三）委員范雲等18人擬具「立法委員行為法第七條條文修正草案」案。 三、繼續審查 （一）民進黨黨團擬具「立法院議事規則第四十七條、第四十八條及第五十二條條文修正草案」案。 （二）委員賴瑞隆等16人擬具「立法院議事規則第九條、第二十二條及第五十條條文修正草案」案。 四、 （一）繼續審查民進黨黨團擬具「立法院職權行使法部分條文修正草案」案。 （二）繼續審查委員呂玉玲等17人擬具「立法院職權行使法第十五條之一條文修正草案」案。 （三）繼續審查委員呂玉玲等16人擬具「立法院職權行使法增訂第二十八條之三及第二十八條之四條文草案」案。 （四）繼續審查委員鄭天財Sra Kacaw等19人擬具「立法院職權行使法部分條文修正草案」案。 （五）繼續審查委員翁曉玲等17人擬具「立法院職權行使法部分條文修正草案」案。 （六）審查委員羅智強等22人擬具「立法院職權行使法第二十五條條文修正草案」案。 【第四案（六）如經院會復議，則不予審查】,https://ivod.ly.gov.tw/Play/Full/300K/15849,1101,
11,1,2024-04-26,09:00,院會,第11屆第1會期第11次會議,一、討論事項：本院經濟、交通兩委員會報告審查委員傅崐萁等53人擬具「環島高速鐵路建設特別條例草案」案等8案。 二、4月26日上午9時至10時為國是論壇時間。 三、4月30日下午5時至6時為處理臨時提案時間。,https://ivod.ly.gov.tw/Play/Full/300K/15851,1101,
11,1,2024-04-26,12:30,朝野黨團協商(經濟委員會),立法院朝野黨團協商,台灣民眾黨黨團建請院會作成決議：本院台灣民眾黨黨團，有鑑於經濟部宣布自4月起工商民生用電將全面漲價，以阻止台電擴大虧損，惟蔡政府執政七年來，電價已調漲三次，漲幅逼近23％。4月電價即將再漲11％，將造成百物齊漲、衝擊百工百業。蔡政府「不得不」調漲之理由，實為為其錯誤能源政策要人民買單。一手伸人民口袋漲電價、轉手再向民間電廠高額購入綠電，導致台電財務黑洞持續擴大，營運效率卻備受質疑，發電、儲電、配電及電網韌性不足等問題遲遲不見改善。錯誤的政策比貪污更可怕，爰建請院會作成決議：「要求經濟部針對台灣整體能源政策、電價費率結構及台電相關各項支出及撙節措施，向本院經濟委員會提出全面檢討報告，且經本院經濟委員會審議通過前，電價全面緩漲。」是否有當？請公決案。,https://ivod.ly.gov.tw/Play/Full/300K/15852,1101,
11,1,2024-04-26,13:00,朝野黨團協商(社會福利及衛生環境委員會),立法院朝野黨團協商,本院台灣民眾黨黨團，有鑑於彰化縣為農業大縣，惟經濟部規劃於彰濱工業區興建晶鼎焚化爐，引發在地居民強烈抗爭，憂慮環境污染傷害人體健康、更影響乳牛飼養及優質農漁產品產量。且彰化縣目前已有九座焚化爐，密度居全國之冠，如若再興建一座焚化廠，整體環境恐嚴重超出負荷、加重當地污染。爰建請院會作成決議：「113年1月5日林佳龍出席彰化縣百工百業信賴總會成立授旗大會曾表示：有關興建晶鼎焚化爐相關新聞是『抹黑，是確定不會蓋的。』行政院副院長鄭文燦亦曾公開承諾彰化晶鼎焚化爐不會蓋、會朝解除契約方向走，如今興建案再起，顯見民進黨高層輕諾寡信、背棄人民。爰要求民進黨執政的行政院履行政治承諾，立即停止在彰濱工業區興建晶鼎焚化爐。」是否有當？請公決案。,https://ivod.ly.gov.tw/Play/Full/300K/15853,1101,
11,1,2024-04-29,09:00,交通委員會,立法院第11屆第1會期交通委員會第9次全體委員會議,繼續審查行政院函請審議「道路交通管理處罰條例第七條之一、第六十三條及第六十三條之二條文修正草案」案。 【進行逐條審查】,https://ivod.ly.gov.tw/Play/Full/300K/15857,1101,
11,1,2024-04-29,09:00,社會福利及衛生環境委員會,立法院第11屆第1會期社會福利及衛生環境、司法及法制委員會第1次聯席會議,審查 一、委員黃捷等20人擬具「兒童及少年性剝削防制條例第三十六條、第三十九條及第五十一條條文修正草案」案。 二、委員林岱樺等20人擬具「兒童及少年性剝削防制條例第八條、第三十九條及第四十七條條文修正草案」案。 三、委員陳亭妃等16人擬具「兒童及少年性剝削防制條例第二條、第三十九條及第四十四條條文修正草案」案。 四、委員蘇清泉等24人擬具「兒童及少年性剝削防制條例第三十九條條文修正草案」案。 五、委員郭昱晴等16人擬具「兒童及少年性剝削防制條例第三十八條及第三十九條條文修正草案」案。 六、委員葛如鈞等16人擬具「兒童及少年性剝削防制條例第三十九條及第四十四條條文修正草案」案。 七、委員徐巧芯等24人擬具「兒童及少年性剝削防制條例部分條文修正草案」案。 八、委員陳冠廷等18人擬具「兒童及少年性剝削防制條例部分條文修正草案」案。 九、委員黃健豪等17人擬具「兒童及少年性剝削防制條例部分條文修正草案」案。 十、委員林宜瑾等26人擬具「兒童及少年性剝削防制條例增訂第三十九條之一條文草案」案。 十一、委員李坤城等22人擬具「兒童及少年性剝削防制條例部分條文修正草案」案。 十二、委員沈伯洋等19人擬具「兒童及少年性剝削防制條例第三十九條條文修正草案」案。 十三、委員廖偉翔等17人擬具「兒童及少年性剝削防制條例第三十條條文修正草案」案。 十四、委員廖偉翔等18人擬具「兒童及少年性剝削防制條例第三十九條及第四十四條條文修正草案」案。 十五、委員廖偉翔等17人擬具「兒童及少年性剝削防制條例增訂第四十一條之一條文草案」案。 十六、委員王育敏等19人擬具「兒童及少年性剝削防制條例部分條文修正草案」案。 十七、委員黃建賓等18人擬具「兒童及少年性剝削防制條例第三十九條及第五十一條條文修正草案」案。 十八、委員許宇甄等26人擬具「兒童及少年性剝削防制條例第二條及第三十八條條文修正草案」案。 十九、委員王世堅等16人擬具「兒童及少年性剝削防制條例部分條文修正草案」案。 二十、委員陳菁徽等16人擬具「兒童及少年性剝削防制條例部分條文修正草案」案。 二十一、委員王美惠等18人擬具「兒童及少年性剝削防制條例第三十九條條文修正草案」案。 二十二、國民黨黨團擬具「兒童及少年性剝削防制條例部分條文修正草案」案。 二十三、委員王鴻薇等25人擬具「兒童及少年性剝削防制條例部分條文修正草案」案。 二十四、委員萬美玲等20人擬具「兒童及少年性剝削防制條例第四十四條、第五十一條及第五十三條之一條文修正草案」案。 二十五、委員賴士葆等22人擬具「兒童及少年性剝削防制條例第三十九條條文修正草案」案   等36案。 【以上議案，如未經各黨團簽署不復議同意書，則不予審查】 【4月29日及5月1日二天一次會】,https://ivod.ly.gov.tw/Play/Full/300K/15854,1101,
11,1,2024-04-29,09:00,教育及文化委員會,立法院第11屆第1會期教育及文化委員會第10次全體委員會議,邀請文化部、教育部、內政部、法務部、金融監督管理委員會、數位發展部及行政院主計總處列席就「表演及運動賽事黃牛票氾濫，相關單位取締、防範及執法成效」進行專題報告，並備質詢。（4月29日及5月2日二天一次會）,https://ivod.ly.gov.tw/Play/Full/300K/15855,1101,
11,1,2024-04-29,09:00,經濟委員會,立法院第11屆第1會期經濟委員會第10次全體委員會議,繼續審查113年度中央政府總預算案附屬單位預算營業部分關於經濟部主管：台灣自來水股份有限公司。 處理 【4月29日、5月1日及2日三天一次會】,https://ivod.ly.gov.tw/Play/Full/300K/15856,1101,
11,1,2024-04-29,09:00,外交及國防委員會,立法院第11屆第1會期外交及國防委員會第15次全體委員會議,邀請國軍退除役官兵輔導委員會主任委員馮世寬報告「退輔會服務照顧及相關救補助精進作為」，並備質詢。,https://ivod.ly.gov.tw/Play/Full/300K/15859,1101,
11,1,2024-04-29,09:00,內政委員會,立法院第11屆第1會期內政委員會第15次全體委員會議,一、「新住民權益保障法草案」及「新住民基本法草案」： 詢答及處理  一 審查委員羅美玲等22人擬具「新住民權益保障法草案」案。 二 審查台灣民眾黨黨團擬具「新住民基本法草案」案。 三 審查委員張智倫等18人擬具「新住民基本法草案」案。 四 審查國民黨黨團擬具「新住民基本法草案」案。 五 審查委員蘇巧慧等26人擬具「新住民基本法草案」案。【第 四 案及第 五 案如未經各黨團簽署不復議同意書則不予審查。】二、繼續審查委員鄭天財Sra Kacaw等20人擬具「原住民族基本法增訂第二十條之一條文草案」案。  備註：4月29日（星期一）、5月1日 星期三 【兩天一次會】,https://ivod.ly.gov.tw/Play/Full/300K/15858,1101,
11,1,2024-04-29,09:00,司法及法制委員會,立法院第11屆第1會期司法及法制委員會第18次全體委員會議,審查委員徐巧芯等17人擬具「監察院組織法第三條之一及第三條之二條文修正草案」案。,https://ivod.ly.gov.tw/Play/Full/300K/15860,1101,
11,1,2024-04-30,09:00,院會,第11屆第1會期第11次會議,一、討論事項：本院國民黨黨團擬具「四零三震災重建條例草案」，請審議案等9案。 二、4月26日上午9時至10時為國是論壇時間。 三、4月30日下午5時至6時為處理臨時提案時間。,https://ivod.ly.gov.tw/Play/Full/300K/15861,1101,
11,1,2024-04-30,09:30,朝野黨團協商,立法院黨團協商,議案協商,https://ivod.ly.gov.tw/Play/Full/300K/15862,1101,
11,1,2024-04-30,12:00,程序委員會,立法院第11屆第1會期程序委員會第9次會議,審定本院第11屆第1會期第12次會議議事日程 及人民請願案,https://ivod.ly.gov.tw/Play/Full/300K/15863,1101,
11,1,2024-05-01,09:00,內政委員會,立法院第11屆第1會期內政委員會第15次全體委員會議,邀請內政部、交通部、大陸委員會、財團法人海峽交流基金會、原住民族委員會就「針對陸方開放大陸觀光客來台具體回應及作為」進行專題報告，並備質詢。,https://ivod.ly.gov.tw/Play/Full/300K/15867,1101,
11,1,2024-05-01,09:00,社會福利及衛生環境委員會,立法院第11屆第1會期社會福利及衛生環境、司法及法制委員會第1次聯席會議,審查 一、委員黃捷等20人擬具「兒童及少年性剝削防制條例第三十六條、第三十九條及第五十一條條文修正草案」案。 二、委員林岱樺等20人擬具「兒童及少年性剝削防制條例第八條、第三十九條及第四十七條條文修正草案」案。 三、委員陳亭妃等16人擬具「兒童及少年性剝削防制條例第二條、第三十九條及第四十四條條文修正草案」案。 四、委員蘇清泉等24人擬具「兒童及少年性剝削防制條例第三十九條條文修正草案」案。 五、委員郭昱晴等16人擬具「兒童及少年性剝削防制條例第三十八條及第三十九條條文修正草案」案。 六、委員葛如鈞等16人擬具「兒童及少年性剝削防制條例第三十九條及第四十四條條文修正草案」案。 七、委員徐巧芯等24人擬具「兒童及少年性剝削防制條例部分條文修正草案」案。 八、委員陳冠廷等18人擬具「兒童及少年性剝削防制條例部分條文修正草案」案。 九、委員黃健豪等17人擬具「兒童及少年性剝削防制條例部分條文修正草案」案。 十、委員林宜瑾等26人擬具「兒童及少年性剝削防制條例增訂第三十九條之一條文草案」案。 十一、委員李坤城等22人擬具「兒童及少年性剝削防制條例部分條文修正草案」案。 十二、委員沈伯洋等19人擬具「兒童及少年性剝削防制條例第三十九條條文修正草案」案。 十三、委員廖偉翔等17人擬具「兒童及少年性剝削防制條例第三十條條文修正草案」案。 十四、委員廖偉翔等18人擬具「兒童及少年性剝削防制條例第三十九條及第四十四條條文修正草案」案。 十五、委員廖偉翔等17人擬具「兒童及少年性剝削防制條例增訂第四十一條之一條文草案」案。 十六、委員王育敏等19人擬具「兒童及少年性剝削防制條例部分條文修正草案」案。 十七、委員黃建賓等18人擬具「兒童及少年性剝削防制條例第三十九條及第五十一條條文修正草案」案。 十八、委員許宇甄等26人擬具「兒童及少年性剝削防制條例第二條及第三十八條條文修正草案」案。 十九、委員王世堅等16人擬具「兒童及少年性剝削防制條例部分條文修正草案」案。 二十、委員陳菁徽等16人擬具「兒童及少年性剝削防制條例部分條文修正草案」案。 二十一、委員王美惠等18人擬具「兒童及少年性剝削防制條例第三十九條條文修正草案」案。 二十二、國民黨黨團擬具「兒童及少年性剝削防制條例部分條文修正草案」案。 二十三、委員王鴻薇等25人擬具「兒童及少年性剝削防制條例部分條文修正草案」案。 二十四、委員萬美玲等20人擬具「兒童及少年性剝削防制條例第四十四條、第五十一條及第五十三條之一條文修正草案」案。 二十五、委員賴士葆等22人擬具「兒童及少年性剝削防制條例第三十九條條文修正草案」案   等36案。 【第一案至第二十四案，如經復議則不予審查；第二十五案至第三十六案，如未經各黨團簽署不復議同意書，則不予審查】 【4月29日及5月1日二天一次會】,https://ivod.ly.gov.tw/Play/Full/300K/15865,1101,
11,1,2024-05-01,09:00,財政委員會,立法院第11屆第1會期財政委員會第11次全體委員會議,邀請行政院主計總處朱主計長澤民、財政部莊部長翠雲、經濟部、國家發展委員會、勞動部就「如何改善受僱人員報酬占 GDP 比重偏低現象，導引企業與勞工共享獲利，提升我國勞工實質薪資」進行專題報告，並備質詢。,https://ivod.ly.gov.tw/Play/Full/300K/15864,1101,
11,1,2024-05-01,09:00,司法及法制委員會,立法院第11屆第1會期司法及法制、交通委員會第1次聯席會議,併案審查 （一）委員傅崐萁等33人擬具「國家通訊傳播委員會組織法第四條條文修正草案」案。 （二）委員傅崐萁等41人擬具「國家通訊傳播委員會組織法第四條、第八條及第十條條文修正草案」案。 （三）委員洪孟楷等25人擬具「國家通訊傳播委員會組織法第四條及第十條條文修正草案」案。 （四）委員翁曉玲等18人擬具「國家通訊傳播委員會組織法第四條條文修正草案」案。,https://ivod.ly.gov.tw/Play/Full/300K/15869,1101,
11,1,2024-05-01,09:00,經濟委員會,立法院第11屆第1會期經濟委員會第10次全體委員會議,繼續審查113年度中央政府總預算案附屬單位預算非營業部分關於經濟部主管：經濟作業基金、水資源作業基金、經濟特別收入基金、核能發電後端營運基金。 處理 【4月29日、5月1日及2日三天一次會】,https://ivod.ly.gov.tw/Play/Full/300K/15866,1101,
11,1,2024-05-01,09:00,外交及國防委員會,立法院第11屆第1會期外交及國防委員會第16次全體委員會議,邀請國家安全局局長蔡明彥、行政院國土安全辦公室報告「如何強化國家關鍵基礎設施之韌性，以因應國安新型態風險威脅」，並備質詢。,https://ivod.ly.gov.tw/Play/Full/300K/15868,1101,
11,1,2024-05-02,09:00,交通委員會,立法院第11屆第1會期交通委員會第10次全體委員會議,一、邀請行政院公共工程委員會、勞動部就「公共工程職業安全衛生改善暨降低職業災害辦理情形」進行專題報告，並備質詢。 二、審查113年度中央政府總預算關於行政院公共工程委員會預算凍結案計7案。,https://ivod.ly.gov.tw/Play/Full/300K/15874,1101,
11,1,2024-05-02,09:00,外交及國防委員會,立法院第11屆第1會期外交及國防委員會第17次全體委員會議,邀請外交部部長吳釗燮報告「外交部如何構建友善工作環境暨人員心理輔導具體做法」，並備質詢。,https://ivod.ly.gov.tw/Play/Full/300K/15875,1101,
11,1,2024-05-02,09:00,司法及法制委員會,立法院第11屆第1會期司法及法制委員會公聽會,「失控的正義1─又要我們『共體時艱』！如何簡化偵查、審判訴訟程序與書類製作及人力增補」公聽會,https://ivod.ly.gov.tw/Play/Full/300K/15876,1101,
11,1,2024-05-02,09:00,教育及文化委員會,立法院第11屆第1會期教育及文化委員會第10次全體委員會議,一、邀請教育部列席就「『偏遠地區學校教育發展條例』施行迄今之成效及檢討」進行專題報告，並備質詢。 二、審查 一 委員柯志恩等18人擬具「偏遠地區學校教育發展條例第八條條文修正草案」案。 二 委員魯明哲等24人擬具「偏遠地區學校教育發展條例第十六條條文修正草案」案。 三 委員馬文君等17人擬具「偏遠地區學校教育發展條例第十六條及第十九條條文修正草案」案。 四 委員盧縣一等20人擬具「偏遠地區學校教育發展條例第八條、第十二條及第二十一條條文修正草案」案。  僅進行詢答 【4月29日及5月2日二天一次會】,https://ivod.ly.gov.tw/Play/Full/300K/15872,1101,
11,1,2024-05-02,09:00,財政委員會,立法院第11屆第1會期財政、內政、經濟、教育及文化、交通、社會福利及衛生環境委員會第1次聯席會議,審查或處理「中央政府前瞻基礎建設計畫第4期特別預算 112至113年度 」及「中央政府疫後強化經濟與社會韌性及全民共享經濟成果特別預算」決議： 一、有關教育部主管預算凍結書面報告案4案。 二、有關經濟部主管預算凍結書面報告案9案。 三、有關交通部主管預算凍結書面報告案14案。 四、有關行政院農業委員會主管預算凍結書面報告案3案。 五、有關衛生福利部主管預算凍結書面報告案11案。 六、有關文化部主管預算凍結書面報告案1案。 七、有關數位發展部主管預算凍結書面報告案7案。 八、有關原住民族委員會預算凍結書面報告案1案。 九、有關內政部主管預算凍結書面報告案3案。 十、有關行政院環境保護署預算凍結書面報告案1案。 十一、有關國家科學及技術委員會主管預算凍結書面報告案2案。,https://ivod.ly.gov.tw/Play/Full/300K/15870,1101,
11,1,2024-05-02,09:00,社會福利及衛生環境委員會,立法院第11屆第1會期社會福利及衛生環境委員會第14次全體委員會議,審查 一、委員王育敏等19人擬具「全民健康保險法第六十二條條文修正草案」案。 二、委員蘇清泉等28人擬具「全民健康保險法第六十二條條文修正草案」案。 三、國民黨黨團擬具「全民健康保險法第六十二條條文修正草案」案。 【以上議案，如經復議則不予審查】,https://ivod.ly.gov.tw/Play/Full/300K/15871,1101,
11,1,2024-05-02,09:00,經濟委員會,立法院第11屆第1會期經濟委員會第10次全體委員會議,審查： 一、行政院函請審議「中小企業發展條例部分條文修正草案」案。 二、本院委員柯志恩等17人擬具「中小企業發展條例第三十六條之二條文修正草案」案。 三、本院委員賴士葆等19人擬具「中小企業發展條例第三十六條之二條文修正草案」案。 四、本院委員楊瓊瓔等16人擬具「中小企業發展條例第三十六條之二條文修正草案」案。 五、本院委員楊瓊瓔等16人擬具「中小企業發展條例增訂第三十六條之四條文草案」案。 六、本院台灣民眾黨黨團擬具「中小企業發展條例部分條文修正草案」案。 七、本院國民黨黨團擬具「中小企業發展條例第三十六條之二條文修正草案」案。 八、本院委員張智倫等19人擬具「中小企業發展條例第三十五條、第三十六條之二及第四十條條文修正草案」案。 九、本院委員王世堅等16人擬具「中小企業發展條例第三十五條、第三十六條之二及第四十條條文修正草案」案。 十、本院委員郭國文等19人擬具「中小企業發展條例第三十六條之二條文修正草案」案。 十一、本院委員邱議瑩等29人擬具「中小企業發展條例部分條文修正草案」案。 （詢答及處理，委員郭國文等人提案如未接獲議事處來函則不予審查）【4月29日、5月1日及2日三天一次會】,https://ivod.ly.gov.tw/Play/Full/300K/15873,1101,
11,1,2024-05-02,09:30,內政委員會,立法院第11屆第1會期內政委員會第16次全體委員會議,一、審查委員高金素梅等24人擬具「姓名條例部分條文修正草案」案。二、審查委員鄭天財Sra Kacaw等21人擬具「姓名條例部分條文修正草案」案。三、審查委員伍麗華Saidhai Tahovecahe等16人擬具「姓名條例第二條及第四條條文修正草案」案。【詢答及處理；上開議案如經院會復議則不予審查】,https://ivod.ly.gov.tw/Play/Full/300K/15877,1101,
11,1,2024-05-02,15:00,朝野黨團協商(內政委員會),立法院朝野黨團協商,一、本院內政、經濟兩委員會報告併案審查委員高金素梅等19人擬具「原住民保留地禁伐補償條例第六條條文修正草案」、委員鄭天財Sra Kacaw等18人擬具「原住民保留地禁伐補償條例第五條及第六條條文修正草案」、委員盧縣一等19人及委員伍麗華Saidhai Tahovecahe等16人分別擬具「原住民保留地禁伐補償條例第三條及第六條條文修正草案」案。 二、委員陳瑩等20人「原住民保留地禁伐補償條例第六條條文修正草案」案。,https://ivod.ly.gov.tw/Play/Full/300K/15878,1101,
11,1,2024-05-03,09:00,院會,第11屆第1會期第12次會議,一、討論事項：本院國民黨黨團擬具「四零三震災重建條例草案」，請審議案等8案。 二、5月3日上午9時至10時為國是論壇時間。 三、5月7日下午5時至6時為處理臨時提案時間。,https://ivod.ly.gov.tw/Play/Full/300K/15879,1101,
11,1,2024-05-06,09:00,外交及國防委員會,立法院第11屆第1會期外交及國防、司法及法制委員會「陸海空軍懲罰法修正草案及軍人權益事件處理法草案」公聽會 113年5月6日（星期一）上午9時至下午5時30分開會地點：紅樓301會議,,https://ivod.ly.gov.tw/Play/Full/300K/15882,1101,
11,1,2024-05-06,09:00,司法及法制委員會,立法院第11屆第1會期司法及法制委員會第19次全體委員會議,一、繼續審查 （一）民進黨黨團擬具「立法委員行為法第七條之一及第三十條條文修正草案」案。 （二）委員賴瑞隆等16人擬具「立法委員行為法部分條文修正草案」案。 （三）委員范雲等18人擬具「立法委員行為法第七條條文修正草案」案。 二、繼續審查 （一）民進黨黨團擬具「立法院議事規則第四十七條、第四十八條及第五十二條條文修正草案」案。 （二）委員賴瑞隆等16人擬具「立法院議事規則第九條、第二十二條及第五十條條文修正草案」案。,https://ivod.ly.gov.tw/Play/Full/300K/15883,1101,
11,1,2024-05-06,09:00,社會福利及衛生環境委員會,立法院第11屆第1會期社會福利及衛生環境委員會,舉行「全民健康保險醫療給付費用總額之現況與展望」公聽會,https://ivod.ly.gov.tw/Play/Full/300K/15881,1101,
11,1,2024-05-06,09:00,財政委員會,立法院第11屆第1會期財政、內政委員會第1次聯席會議,審查本院委員賴士葆等22人、委員傅崐萁等20人分別擬具「地方稅法通則第四條條文修正草案」等2案。 【5月6日及8日二天一次會】,https://ivod.ly.gov.tw/Play/Full/300K/15880,1101,
11,1,2024-05-06,10:00,交通委員會,立法院第11屆第1會期交通委員會第11次全體委員會議,邀請交通部部長王國材「針對台鐵票價上漲暨列車準點率提升作為」進行專題報告，並備質詢。,https://ivod.ly.gov.tw/Play/Full/300K/15884,1101,
11,1,2024-05-07,09:00,院會,第11屆第1會期第12次會議,一、討論事項：本院國民黨黨團擬具「四零三震災重建條例草案」，請審議案等8案。 二、5月3日上午9時至10時為國是論壇時間。 三、5月7日下午5時至6時為處理臨時提案時間。,https://ivod.ly.gov.tw/Play/Full/300K/15885,1101,
11,1,2024-05-07,12:00,程序委員會,立法院第11屆第1會期程序委員會第10次會議,審定本院第11屆第1會期第13次會議議事日程 及人民請願案,https://ivod.ly.gov.tw/Play/Full/300K/15886,1101,
11,1,2024-05-08,09:00,社會福利及衛生環境委員會,立法院第11屆第1會期社會福利及衛生環境委員會第15次全體委員會議,一、 （一）審查行政院函請審議「再生醫療法草案」案。 （二）繼續審查委員邱議瑩等25人擬具「再生醫療法草案」案。 （三）繼續審查委員謝衣鳯等19人擬具「再生醫療發展法草案」案。 （四）繼續審查委員羅廷瑋等21人擬具「再生醫療法草案」案。 （五）審查委員黃秀芳等18人擬具「再生醫療法草案」案。 （六）審查委員王正旭等20人擬具「再生醫療法草案」案。 （七）審查台灣民眾黨黨團擬具「再生醫療法草案」案。 （八）審查委員陳菁徽等19人擬具「再生醫療法草案」案。 （九）審查委員楊瓊瓔等25人擬具「再生醫療法草案」案。 二、 （一）審查行政院函請審議「再生醫療製劑條例草案」案。 （二）繼續審查委員邱議瑩等25人擬具「再生醫療製劑條例草案」案。 （三）繼續審查委員謝衣鳯等18人擬具「再生醫療製劑管理條例草案」案。 （四）繼續審查委員羅廷瑋等21人擬具「再生醫療製劑管理條例草案」案。 （五）審查委員劉建國等17人擬具「再生醫療製劑管理條例草案」案。 （六）審查委員黃秀芳等18人擬具「再生醫療製劑條例草案」案。 （七）審查委員王正旭等20人擬具「再生醫療製劑條例草案」案。 （八）審查台灣民眾黨黨團擬具「再生醫療製劑條例草案」案。 （九）審查委員楊瓊瓔等26人擬具「再生醫療製劑條例草案」案。 【一 一 、 八 、 九 及二 一 、 九 ，如未經各黨團簽署不復議同意書，則不予審查。】 【本次會議逐條討論】 【5月8日及9日二天一次會】,https://ivod.ly.gov.tw/Play/Full/300K/15887,1101,
11,1,2024-05-08,09:00,司法及法制委員會,立法院第11屆第1會期司法及法制委員會第20次全體委員會議,一、繼續審查 （一）民進黨黨團擬具「立法委員行為法第七條之一及第三十條條文修正草案」案。 （二）委員賴瑞隆等16人擬具「立法委員行為法部分條文修正草案」案。 （三）委員范雲等18人擬具「立法委員行為法第七條條文修正草案」案。 二、繼續審查民進黨黨團擬具「立法院議事規則第四十七條、第四十八條及第五十二條條文修正草案」案。 三、繼續審查民進黨黨團擬具「立法院職權行使法部分條文修正草案」案。,https://ivod.ly.gov.tw/Play/Full/300K/15892,1101,
11,1,2024-05-08,09:00,經濟委員會,立法院第11屆第1會期經濟委員會第11次全體委員會議,一、審查113年度中央政府總預算有關農業部及所屬主管預算凍結案等3案。（如未接獲議事處來函則不予審查） 二、審查本院委員陳冠廷等30人擬具「農產品市場交易法第三十五條條文修正草案」案。,https://ivod.ly.gov.tw/Play/Full/300K/15889,1101,
11,1,2024-05-08,09:00,內政委員會,立法院第11屆第1會期內政委員會第17次全體委員會議,審查「地方民意代表費用支給及村里長事務補助費補助條例」修正草案等37案，詳見議事日程。 【5月8日及9日兩天一次會】,https://ivod.ly.gov.tw/Play/Full/300K/15890,1101,
11,1,2024-05-08,09:00,外交及國防委員會,立法院第11屆第1會期外交及國防委員會第18次全體委員會議,一、處理院會交付113年度中央政府總預算決議，國防部主管預算凍結案等89案。（詳如附件1、6）二、處理院會交付113年度中央政府總預算決議，外交部主管預算凍結案等16案。（詳如附件2）三、處理院會交付113年度中央政府總預算決議，國家安全局預算凍結案等9案。（詳如附件3）四、處理院會交付113年度中央政府總預算決議，僑務委員會主管預算凍結案等13案。（詳如附件4）五、處理院會交付113年度中央政府總預算決議，國軍退除役官兵輔導委員會主管預算凍結案等 14案。（詳如附件5）,https://ivod.ly.gov.tw/Play/Full/300K/15891,1101,
11,1,2024-05-08,09:00,教育及文化委員會,立法院第11屆第1會期教育及文化委員會第11次全體委員會議,邀請國立故宮博物院院長蕭宗煌列席就「回首百年放眼未來 故宮定位與部會級博物館公共責任總檢討」進行專題報告，並備質詢。,https://ivod.ly.gov.tw/Play/Full/300K/15888,1101,
11,1,2024-05-08,12:00,朝野黨團協商(司法及法制委員會),立法院朝野黨團協商,【協商主題一】： （一）本院司法及法制委員會報告併案審查台灣民眾黨黨團、委員楊瓊瓔等20人、委員傅崐萁等52人、委員傅崐萁等52人分別擬具「立法院職權行使法部分條文修正草案」、委員翁曉玲等16人擬具「立法院職權行使法第十五條、第二十九條及第四十四條條文修正草案」、委員傅崐萁等52人、委員翁曉玲等16人分別擬具「立法院職權行使法第十五條之一、第十五條之二及第十五條之四條文修正草案」、委員吳宗憲等16人擬具「立法院職權行使法部分條文修正草案」、委員吳宗憲等17人擬具「立法院職權行使法第十七條條文修正草案」、委員吳宗憲等17人擬具「立法院職權行使法部分條文修正草案」、委員吳宗憲等16人擬具「立法院職權行使法第十五條之一、第十五條之二及第十五條之四條文修正草案」、委員賴瑞隆等17人擬具「立法院職權行使法第十五條之二條文修正草案」、委員賴士葆等20人擬具「立法院職權行使法增訂部分條文草案」、委員吳宗憲等18人擬具「立法院職權行使法第二十五條及第二十六條條文修正草案」及委員翁曉玲等18人擬具「立法院職權行使法第二十五條條文修正草案」案。 （二）委員羅智強等31人擬具「立法院職權行使法第二十二條、第二十三條及第二十八條條文修正草案」、委員羅智強等16人擬具「立法院職權行使法部分條文修正草案」。 （三）委員呂玉玲等17人擬具「立法院職權行使法第十五條之一條文修正草案」、委員呂玉玲等16人擬具「立法院職權行使法增訂第二十八條之三及第二十八條之四條文草案」、委員鄭天財Sra Kacaw等19人擬具「立法院職權行使法部分條文修正草案」、委員翁曉玲等17人擬具「立法院職權行使法部分條文修正草案」及委員羅智強等22人擬具「立法院職權行使法第二十五條條文修正草案」。 【協商主題二】：委員李彥秀等17人擬具「立法院職權行使法第三十一條及第七十一條之一條文修正草案」。 【協商主題三】：本院司法及法制委員會報告併案審查委員傅崐萁等52人擬具「中華民國刑法增訂第五章之一章名、第一百四十一條之一及第一百四十一條之二條文草案」及委員翁曉玲等19人擬具「中華民國刑法增訂第一百四十條之一條文草案」案。 【協商主題四】：本院司法及法制委員會報告併案審查委員羅智強等20人擬具「立法委員互選院長副院長辦法第一條條文修正草案」、台灣民眾黨黨團擬具「立法委員互選院長副院長辦法第一條及第一條之一條文修正草案」及委員魯明哲等24人擬具「立法委員互選院長副院長辦法第一條條文修正草案」案。 【協商主題五】：委員傅崐萁等52人擬具「立法院組織法第三條條文修正草案」。,https://ivod.ly.gov.tw/Play/Full/300K/15893,1101,
11,1,2024-05-08,13:30,外交及國防委員會,立法院第11屆第1會期外交及國防、司法及法制委員會第2次聯席會議,繼續審查：一、行政院函請審議「陸海空軍懲罰法修正草案」案。二、本院委員徐巧芯等18人擬具「陸海空軍懲罰法部分條文修正草案」案。三、行政院函請審議「軍人權益事件處理法草案」案。四、本院委員徐巧芯等20人擬具「軍人權益事件處理法草案」案。 5月8日下午及5月9日為一次會 ,https://ivod.ly.gov.tw/Play/Full/300K/15894,1101,
11,1,2024-05-09,09:00,社會福利及衛生環境委員會,立法院第11屆第1會期社會福利及衛生環境委員會第15次全體委員會議,一、 （一）審查行政院函請審議「再生醫療法草案」案。 （二）繼續審查委員邱議瑩等25人擬具「再生醫療法草案」案。 （三）繼續審查委員謝衣鳯等19人擬具「再生醫療發展法草案」案。 （四）繼續審查委員羅廷瑋等21人擬具「再生醫療法草案」案。 （五）審查委員黃秀芳等18人擬具「再生醫療法草案」案。 （六）審查委員王正旭等20人擬具「再生醫療法草案」案。 （七）審查台灣民眾黨黨團擬具「再生醫療法草案」案。 （八）審查委員陳菁徽等19人擬具「再生醫療法草案」案。 （九）審查委員楊瓊瓔等25人擬具「再生醫療法草案」案。 二、 （一）審查行政院函請審議「再生醫療製劑條例草案」案。 （二）繼續審查委員邱議瑩等25人擬具「再生醫療製劑條例草案」案。 （三）繼續審查委員謝衣鳯等18人擬具「再生醫療製劑管理條例草案」案。 （四）繼續審查委員羅廷瑋等21人擬具「再生醫療製劑管理條例草案」案。 （五）審查委員劉建國等17人擬具「再生醫療製劑管理條例草案」案。 （六）審查委員黃秀芳等18人擬具「再生醫療製劑條例草案」案。 （七）審查委員王正旭等20人擬具「再生醫療製劑條例草案」案。 （八）審查台灣民眾黨黨團擬具「再生醫療製劑條例草案」案。 （九）審查委員楊瓊瓔等26人擬具「再生醫療製劑條例草案」案。 【一 一 、 八 、 九 及二 一 、 九 ，如未經各黨團簽署不復議同意書，則不予審查。】 【本次會議逐條討論】 【5月8日及9日二天一次會】,https://ivod.ly.gov.tw/Play/Full/300K/15895,1101,
11,1,2024-05-09,09:00,司法及法制委員會,立法院第11屆第1會期司法及法制委員會第21次全體委員會議,一、邀請司法院、法務部及金融監督管理委員會率所屬相關單位列席就「強制執行保單解約償債未符比例原則紛爭頻傳亂象如何解」進行專題報告，並備質詢。 二、處理113年度中央政府總預算關於司法院及所屬主管預算凍結項目共8案。,https://ivod.ly.gov.tw/Play/Full/300K/15898,1101,
11,1,2024-05-09,09:00,外交及國防委員會,立法院第11屆第1會期外交及國防、司法及法制委員會第2次聯席會議,繼續審查：一、行政院函請審議「陸海空軍懲罰法修正草案」案。二、本院委員徐巧芯等18人擬具「陸海空軍懲罰法部分條文修正草案」案。三、行政院函請審議「軍人權益事件處理法草案」案。四、本院委員徐巧芯等20人擬具「軍人權益事件處理法草案」案。 5月8日下午及5月9日為一次會 ,https://ivod.ly.gov.tw/Play/Full/300K/15897,1101,
11,1,2024-05-09,09:00,內政委員會,立法院第11屆第1會期內政委員會第17次全體委員會議,一、繼續審查行政院函請審議「海洋保育法草案」案。 二、繼續審查委員楊瓊瓔等20人擬具「海洋保育法草案」案。 三、繼續審查委員伍麗華Saidhai Tahovecahe等16人擬具「海洋保育法草案」案。 四、繼續審查委員王美惠等17人擬具「海洋保育法草案」案。 五、繼續審查委員黃捷等18人擬具「海洋保育法草案」案。 六、繼續審查委員羅廷瑋等18人擬具「海洋保育法草案」案。 七、繼續審查委員鄭天財Sra Kacaw等19人擬具「海洋保育法草案」案。 八、繼續審查委員蘇巧慧等16人擬具「海洋保育法草案」案。 九、繼續審查委員羅美玲等17人擬具「海洋保育法草案」案。 十、繼續審查委員許宇甄等20人擬具「海洋保育法草案」案。 十一、繼續審查委員莊瑞雄等20人擬具「海洋保育法草案」案。 十二、審查委員洪申翰等16人擬具「海洋保育法草案」案。 十三、審查台灣民眾黨黨團擬具「海洋保育法草案」案。 十四、審查委員賴瑞隆等18人擬具「海洋保育法草案」案。 十五、審查委員高金素梅等22人擬具「海洋保育法草案」案。 十六、審查委員陳亭妃等16人擬具「海洋保育法草案」案。 十七、審查委員蔡易餘等19人擬具「海洋保育法草案」案。 十八、審查委員吳琪銘等18人擬具「海洋保育法草案」案。 【5月8日及9日兩天一次會】,https://ivod.ly.gov.tw/Play/Full/300K/15899,1101,
11,1,2024-05-09,09:00,教育及文化委員會,立法院第11屆第1會期教育及文化委員會「青年基本法草案」公聽會,立法院第11屆第1會期教育及文化委員會「青年基本法草案」公聽會,https://ivod.ly.gov.tw/Play/Full/300K/15896,1101,
11,1,2024-05-09,15:30,朝野黨團協商,立法院黨團協商,研商有關「環島高速鐵路建設特別條例草案」、「花東快速公路建設特別條例草案」、「國道六號東延花蓮建設特別條例草案」等三案 國民黨黨團提議 。,https://ivod.ly.gov.tw/Play/Full/300K/15900,1101,
11,1,2024-05-10,09:00,院會,第11屆第1會期第13次會議,一、討論事項：本院國民黨黨團，建請院會作成決議：為確保總統對全民負責之憲政機制，本院於新任行政院院長施政方針報告前，依立法院職權行使法第十五條之二規定，邀請賴清德總統至立法院就職權相關之國家大政方針進行國情報告。是否有當？請公決案等14案。 二、5月10日上午9時至10時為國是論壇時間。 三、5月14日下午5時至6時為處理臨時提案時間。,https://ivod.ly.gov.tw/Play/Full/300K/15901,1101,
11,1,2024-05-13,09:00,內政委員會,立法院第11屆第1會期內政委員會第18次全體委員會議,一、邀請原住民族委員會主任委員、財團法人原住民族文化事業基金會董事長、財團法人原住民族語言研究發展基金會董事長就「搬遷原住民族語言傳播大樓整備事宜暨調動工作地點後員工各項權益是否合乎勞動基準法」進行專題報告，並備質詢。  二、邀請原住民族委員會主任委員、財團法人原住民族文化事業基金會董事長、客家委員會主任委員、財團法人客家公共傳播基金會董事長就「營運情形暨如何因應新媒體發展趨勢」進行專題報告，並備質詢。,https://ivod.ly.gov.tw/Play/Full/300K/15904,1101,
11,1,2024-05-13,09:00,教育及文化委員會,立法院第11屆第1會期教育及文化委員會第12次全體委員會議,邀請教育部部長潘文忠列席就「大學推動國際招生及臺灣優華語計畫之執行成效及檢討」進行專題報告，並備質詢。,https://ivod.ly.gov.tw/Play/Full/300K/15903,1101,
11,1,2024-05-13,09:00,外交及國防委員會,立法院第11屆第1會期外交及國防委員會第19次全體委員會議,邀請國家安全局、外交部報告「大陸領導人習近平訪歐後國際關係變化對我國安之影響」，並備質詢。,https://ivod.ly.gov.tw/Play/Full/300K/15905,1101,
11,1,2024-05-13,09:00,社會福利及衛生環境委員會,立法院第11屆第1會期社會福利及衛生環境委員會第16次全體委員會議,一、審查  一 委員王育敏等21人擬具「工會法第四條及第六條條文修正草案」案。  二 國民黨黨團擬具「工會法第四條及第六條條文修正草案」案。  三 委員陳菁徽等18人擬具「工會法第四條及第六條條文修正草案」案。  四 台灣民眾黨黨團擬具「工會法第四條及第六條條文修正草案」案。 二、審查  一 委員王育敏等18人擬具「勞動基準法第五十四條條文修正草案」案。  二 國民黨黨團擬具「勞動基準法第五十四條及第八十六條條文修正草案」案。 三、審查  一 委員郭昱晴等19人擬具「中高齡者及高齡者就業促進法第二十六條條文修正草案」案。  二 委員王育敏等18人擬具「中高齡者及高齡者就業促進法第九條及第二十九條條文修正草案」案。  三 委員馬文君等22人擬具「中高齡者及高齡者就業促進法第七條條文修正草案」案。  四 委員邱若華等20人擬具「中高齡者及高齡者就業促進法第七條及第三十六條條文修正草案」案。 【一、 三 及 四 案：如未經各黨團簽署不復議同意書，則不予審查】 【三、 四 案：如未經各黨團簽署不復議同意書，則不予審查】 【討論事項綜合詢答】 【5月13日、15日及16日三天一次會】,https://ivod.ly.gov.tw/Play/Full/300K/15902,1101,
11,1,2024-05-13,14:00,朝野黨團協商,立法院黨團協商,一、研商「中國國民黨黨團，建請院會作成決議：於新任行政院院長施政方針報告前，邀請賴清德總統至立法院進行國情報告，請公決案。」相關事宜。（國民黨黨團提議） 二、研商「台灣民眾黨黨團，建請院會作成決議：於新任行政院院長施政方針報告前，邀請賴清德總統至立法院進行國情報告，並依法回應立法委員提出之問題，請公決案。」相關事宜。（第13次院會決議）。　 三、繼續研商「環島高速鐵路建設特別條例草案」、「花東快速公路建設特別條例草案」等2案。（國民黨黨團提議）,https://ivod.ly.gov.tw/Play/Full/300K/15906,1101,
11,1,2024-05-14,09:00,院會,第11屆第1會期第13次會議,一、討論事項：本院國民黨黨團，建請院會作成決議：為確保總統對全民負責之憲政機制，本院於新任行政院院長施政方針報告前，依立法院職權行使法第十五條之二規定，邀請賴清德總統至立法院就職權相關之國家大政方針進行國情報告。是否有當？請公決案等15案。 二、5月10日上午9時至10時為國是論壇時間。 三、5月14日下午5時至6時為處理臨時提案時間。,https://ivod.ly.gov.tw/Play/Full/300K/15907,1101,
11,1,2024-05-14,12:00,程序委員會,立法院第11屆第1會期程序委員會第11次會議,審定本院第11屆第1會期第14次會議議事日程 及人民請願案,https://ivod.ly.gov.tw/Play/Full/300K/15908,1101,
11,1,2024-05-15,09:00,司法及法制委員會,立法院第11屆第1會期司法及法制委員會第22次全體委員會議,邀請司法院秘書長、法務部部長率所屬相關單位列席就「總統行使特赦後，該案未沒收之不法所得及停審未定讞案件之處理」進行專題報告，並備質詢。,https://ivod.ly.gov.tw/Play/Full/300K/15912,1101,
11,1,2024-05-15,09:00,財政委員會,立法院第11屆第1會期財政委員會第12次全體委員會議,一、繼續審查「證券投資信託及顧問法」3案：  一  行政院函請審議、本院委員郭國文等16人擬具「證券投資信託及顧問法部分條文修正草案」等2案。  二  本院委員林楚茵等17人擬具「證券投資信託及顧問法第一條、第二條及第三條之一條文修正草案」案。 二、繼續審查本院委員郭國文等16人擬具「不動產證券化條例部分條文修正草案」案。 【5月15日及16日二天一次會】,https://ivod.ly.gov.tw/Play/Full/300K/15909,1101,
11,1,2024-05-15,09:00,外交及國防委員會,立法院第11屆第1會期外交及國防委員會第20次全體委員會議,邀請外交部部長吳釗燮報告「推動國際社會聲援我國參與世界衛生大會（WHA）執行現況」，併請衛生福利部列席，並備質詢。,https://ivod.ly.gov.tw/Play/Full/300K/15916,1101,
11,1,2024-05-15,09:00,社會福利及衛生環境委員會,立法院第11屆第1會期社會福利及衛生環境委員會第16次全體委員會議,一、審查  一 委員王育敏等21人擬具「工會法第四條及第六條條文修正草案」案。  二 國民黨黨團擬具「工會法第四條及第六條條文修正草案」案。  三 委員陳菁徽等18人擬具「工會法第四條及第六條條文修正草案」案。  四 台灣民眾黨黨團擬具「工會法第四條及第六條條文修正草案」案。 二、審查  一 委員王育敏等18人擬具「勞動基準法第五十四條條文修正草案」案。  二 國民黨黨團擬具「勞動基準法第五十四條及第八十六條條文修正草案」案。 三、審查  一 委員郭昱晴等19人擬具「中高齡者及高齡者就業促進法第二十六條條文修正草案」案。  二 委員王育敏等18人擬具「中高齡者及高齡者就業促進法第九條及第二十九條條文修正草案」案。  三 委員馬文君等22人擬具「中高齡者及高齡者就業促進法第七條條文修正草案」案。  四 委員邱若華等20人擬具「中高齡者及高齡者就業促進法第七條及第三十六條條文修正草案」案。 【一、 三 及 四 案：如未經各黨團簽署不復議同意書，則不予審查】 【三、 四 案：如經復議，則不予審查】 【討論事項綜合詢答】 【5月13日、15日二天一次會】,https://ivod.ly.gov.tw/Play/Full/300K/15910,1101,
11,1,2024-05-15,09:00,經濟委員會,立法院第11屆第1會期經濟委員會第12次全體委員會議,審查： 一、本院委員張嘉郡等19人擬具「農村再生條例第二條及第七條條文修正草案」案。 二、本院委員邱議瑩等17人擬具「農村再生條例第七條及第十五條條文修正草案」案。 三、本院委員楊瓊瓔等18人擬具「農村再生條例第七條及第十五條條文修正草案」案。 【5月15日及16日兩天一次會】,https://ivod.ly.gov.tw/Play/Full/300K/15911,1101,
11,1,2024-05-15,12:00,朝野黨團協商(社會福利及衛生環境委員會),立法院朝野黨團協商,一、社會福利及衛生環境委員會報告併案審查委員王育敏等19人、委員蘇清泉等28人及國民黨黨團分別擬具「全民健康保險法第六十二條條文修正草案」案。 二、逕付二讀：委員謝衣鳯等21人、委員楊瓊瓔等26人分別擬具「全民健康保險法第六十二條條文修正草案」等2案。,https://ivod.ly.gov.tw/Play/Full/300K/15913,1101,
11,1,2024-05-15,12:30,朝野黨團協商(經濟委員會),立法院朝野黨團協商,【協商主題一】  一 國民黨黨團擬具「電業法第四十九條條文修正草案」案。  二 委員鄭天財Sra Kacaw等17人擬具「電業法第四十九條條文修正草案」案。 【協商主題二】  一 行政院函請審議「中小企業發展條例部分條文修正草案」、委員柯志恩等17人、委員賴士葆等19人、委員楊瓊瓔等16人、國民黨黨團、委員郭國文等19人分別擬具「中小企業發展條例第三十六條之二條文修正草案」、委員楊瓊瓔等16人擬具「中小企業發展條例增訂第三十六條之四條文草案」、台灣民眾黨黨團、委員邱議瑩等29人分別擬具「中小企業發展條例部分條文修正草案」、委員張智倫等19人、委員王世堅等16人分別擬具「中小企業發展條例第三十五條、第三十六條之二及第四十條條文修正草案」案。  二 委員鄭天財Sra Kacaw等17人擬具「中小企業發展條例部分條文修正草案」案。,https://ivod.ly.gov.tw/Play/Full/300K/15914,1101,
11,1,2024-05-15,14:00,朝野黨團協商(內政委員會),立法院朝野黨團協商,一、本院內政、司法及法制兩委員會報告併案審查委員高金素梅等21人及委員鄭天財Sra Kacaw等17人分別擬具「地方制度法第三十三條條文修正草案」案。 二、委員盧縣一等16人擬具「地方制度法部分條文修正草案」，請審議案。,https://ivod.ly.gov.tw/Play/Full/300K/15917,1101,
11,1,2024-05-16,09:00,經濟委員會,立法院第11屆第1會期經濟委員會第12次全體委員會議,審查： 一、本院委員黃仁等18人擬具「離島建設條例第十三條條文修正草案」案。 二、本院委員陳玉珍等18人擬具「離島建設條例第三條、第七條及第七條之一條文修正草案」案。 三、本院委員陳玉珍等18人擬具「離島建設條例第五條條文修正草案」案。 四、本院委員陳玉珍等17人擬具「離島建設條例第十條條文修正草案」案。 五、本院委員蔡易餘等21人擬具「離島建設條例第十條之一條文修正草案」案。 【5月15日及16日兩天一次會】,https://ivod.ly.gov.tw/Play/Full/300K/15920,1101,
11,1,2024-05-16,09:00,司法及法制委員會,立法院第11屆第1會期司法及法制委員會第23次全體委員會議,一、併案審查 （一）委員廖偉翔等18人擬具「中華民國刑法第三百三十九條之四條文修正草案」案。 （二）委員徐巧芯等17人擬具「中華民國刑法第三百三十九條及第三百三十九條之四條文修正草案」案。 （三）委員馬文君等17人擬具「中華民國刑法第三百三十九條及第三百三十九條之四條文修正草案」案。 （四）委員羅智強等29人擬具「中華民國刑法第三百三十九條條文修正草案」案。 （五）委員黃健豪等19人擬具「中華民國刑法第三百三十九條之四條文修正草案」案。 （六）委員蔡易餘等17人擬具「中華民國刑法第三百三十九條之四條文修正草案」案。 （七）委員謝衣鳯等17人擬具「中華民國刑法第三百三十九條之四條文修正草案」案。 （八）委員洪孟楷等22人擬具「中華民國刑法第三百三十九條之四條文修正草案」案。 （九）委員徐欣瑩等19人擬具「中華民國刑法第三百三十九條之四條文修正草案」案。 （十）委員涂權吉等19人擬具「中華民國刑法第三百三十九條之四條文修正草案」案。 （十一）委員王世堅等22人擬具「中華民國刑法第三百三十九條、第三百三十九條之三及第三百三十九條之四條文修正草案」案。 （十二）委員謝衣鳯等17人擬具「中華民國刑法第三百三十九條條文修正草案」案。 （十三）委員謝衣鳯等16人擬具「中華民國刑法第三百三十九條之四條文修正草案」案。 （十四）委員陳菁徽等16人擬具「中華民國刑法第三百三十九條及第三百三十九條之四條文修正草案」案。 （十五）委員葉元之等24人擬具「中華民國刑法第三百三十九條及第三百三十九條之四條文修正草案」案。 （十六）台灣民眾黨黨團擬具「中華民國刑法第三百三十九條之四條文修正草案」案。 二、併案審查 （一）委員廖偉翔等18人擬具「揭弊者保護法草案」案。 （二）委員楊瓊瓔等21人擬具「揭弊者保護法草案」案。 （三）委員林月琴等17人擬具「公益揭弊者保護法草案」案。 （四）委員洪孟楷等22人擬具「揭弊者保護法草案」案。 （五）台灣民眾黨黨團擬具「公益揭弊者保護法草案」案。 （六）委員徐巧芯等19人擬具「揭弊者保護法草案」案。 （七）委員吳宗憲等19人擬具「公益揭弊者保護法草案」案。 【第二案（七）如經院會復議，則不予審查】,https://ivod.ly.gov.tw/Play/Full/300K/15923,1101,
11,1,2024-05-16,09:00,交通委員會,立法院第11屆第1會期交通委員會第12次全體委員會議,邀請交通部率所屬相關單位就「公路系統道路及橋梁安全改善辦理情形」進行專題報告，並備質詢。,https://ivod.ly.gov.tw/Play/Full/300K/15921,1101,
11,1,2024-05-16,09:00,教育及文化委員會,立法院第11屆第1會期教育及文化委員會,「學校午餐法制化」公聽會,https://ivod.ly.gov.tw/Play/Full/300K/15919,1101,
11,1,2024-05-16,09:00,財政委員會,立法院第11屆第1會期財政委員會第12次全體委員會議,審查行政院函請審議「海關進口稅則部分稅則修正草案」案。 【5月15日及16日二天一次會】,https://ivod.ly.gov.tw/Play/Full/300K/15918,1101,
11,1,2024-05-16,09:00,外交及國防委員會,立法院第11屆第1會期外交及國防委員會第21次全體委員會議,邀請僑務委員會、外交部、國家安全局報告「中共海外統戰工作對我僑務推展與邦交維持之影響及應處作為」，並備質詢。,https://ivod.ly.gov.tw/Play/Full/300K/15922,1101,
11,1,2024-05-16,14:00,朝野黨團協商,立法院黨團協商,一、研商新任行政院長施政方針報告及本院配合延會相關事宜。 二、繼續研商「中國國民黨黨團，建請院會作成決議：於新任行政院院長施政方針報告前，邀請賴清德總統至立法院進行國情報告，請公決案。」相關事宜。（國民黨黨團提議） 三、繼續研商「台灣民眾黨黨團，建請院會作成決議：於新任行政院院長施政方針報告前，邀請賴清德總統至立法院進行國情報告，並依法回應立法委員提出之問題，請公決案。」相關事宜。（第13次院會決議）。　 四、繼續研商「環島高速鐵路建設特別條例草案」、「花東快速公路建設特別條例草案」等2案。（國民黨黨團提議） 五、研商「立法院職權行使法部分條文修正草案」等3案（詳如附件）及出席黨團協商之各黨團人數相關事宜。（民進黨黨團提議）,https://ivod.ly.gov.tw/Play/Full/300K/15924,1101,
11,1,2024-05-17,09:00,院會,第11屆第1會期第14次會議,一、討論事項：本院司法及法制委員會報告併案審查台灣民眾黨黨團、委員楊瓊瓔等20人、委員傅崐萁等52人、委員傅崐萁等52人分別擬具「立法院職權行使法部分條文修正草案」、委員翁曉玲等16人擬具「立法院職權行使法第十五條、第二十九條及第四十四條條文修正草案」、委員傅崐萁等52人、委員翁曉玲等16人分別擬具「立法院職權行使法第十五條之一、第十五條之二及第十五條之四條文修正草案」、委員吳宗憲等16人擬具「立法院職權行使法部分條文修正草案」、委員吳宗憲等17人擬具「立法院職權行使法第十七條條文修正草案」、委員吳宗憲等17人擬具「立法院職權行使法部分條文修正草案」、委員吳宗憲等16人擬具「立法院職權行使法第十五條之一、第十五條之二及第十五條之四條文修正草案」、委員賴瑞隆等17人擬具「立法院職權行使法第十五條之二條文修正草案」、委員賴士葆等20人擬具「立法院職權行使法增訂部分條文草案」、委員吳宗憲等18人擬具「立法院職權行使法第二十五條及第二十六條條文修正草案」及委員翁曉玲等18人擬具「立法院職權行使法第二十五條條文修正草案」案；本院委員羅智強等31人擬具「立法院職權行使法第二十二條、第二十三條及第二十八條條文修正草案」，請審議案；本院委員羅智強等16人擬具「立法院職權行使法部分條文修正草案」，請審議案；本院委員呂玉玲等17人擬具「立法院職權行使法第十五條之一條文修正草案」，請審議案；本院委員呂玉玲等16人擬具「立法院職權行使法增訂第二十八條之三及第二十八條之四條文草案」，請審議案；本院委員鄭天財SraKacaw等19人擬具「立法院職權行使法部分條文修正草案」，請審議案；本院委員翁曉玲等17人擬具「立法院職權行使法部分條文修正草案」，請審議案；本院委員羅智強等22人擬具「立法院職權行使法第二十五條條文修正草案」，請審議案；本院委員李彥秀等17人擬具「立法院職權行使法第三十一條及第七十一條之一條文修正草案」，請審議案等11案。 二、5月17日上午9時至10時為國是論壇時間。 三、5月21日下午5時至6時為處理臨時提案時間。,https://ivod.ly.gov.tw/Play/Full/300K/15925,1101,
11,1,2024-05-17,12:00,朝野黨團協商,立法院黨團協商,議案協商,https://ivod.ly.gov.tw/Play/Full/300K/15927,1101,
11,1,2024-05-17,12:00,朝野黨團協商,立法院黨團協商,議案協商,https://ivod.ly.gov.tw/Play/Full/300K/15928,1101,
11,1,2024-05-17,12:10,經費稽核委員會,立法院第129屆經費稽核委員會第1次會議,一、選舉召集委員 二、決定每月例會日期 三、報告本院113年度預算執行情形（截至113年4月止）,https://ivod.ly.gov.tw/Play/Full/300K/15926,1101,
11,1,2024-05-20,09:00,交通委員會,立法院第11屆第1會期交通委員會第13次全體委員會議,邀請交通部、國家運輸安全調查委員會及經濟部就「我國汽車自動駕駛系統與電動大客車之產業前景、法規建置、安全風險及發展現況」進行專題報告，並備質詢。,https://ivod.ly.gov.tw/Play/Full/300K/15930,1101,
11,1,2024-05-20,14:30,財政委員會,立法院第11屆第1會期財政委員會第13次全體委員會議,審查「財政收支劃分法」14案：（僅詢答）  一  本院台灣民眾黨黨團擬具「財政收支劃分法修正草案」案。  二  本院國民黨黨團、委員羅明才等23人、委員林思銘等20人、委員許宇甄等16人、委員洪孟楷等22人分別擬具「財政收支劃分法部分條文修正草案」等5案。  三  本院委員伍麗華Saidhai Tahovecahe等17人擬具「財政收支劃分法第三條條文修正草案」案。  四  本院委員陳玉珍等24人擬具「財政收支劃分法第八條條文修正草案」案。  五  本院委員王鴻薇等24人擬具「財政收支劃分法第八條、第十二條及第三十條條文修正草案」案。  六  本院委員陳超明等17人擬具「財政收支劃分法第八條、第十二條及第十六條之一條文修正草案」案。  七  本院委員賴瑞隆等16人、委員蔡易餘等16人分別擬具「財政收支劃分法第十六條之一條文修正草案」等2案。  八  本院委員賴士葆等29人擬具「財政收支劃分法第十六條之二、第三十七條之二及第三十八條之二條文修正草案」案。  九  本院委員賴士葆等22人擬具「財政收支劃分法第三十八條之一條文修正草案」案。 【5月20日及22日二天一次會】,https://ivod.ly.gov.tw/Play/Full/300K/15929,1101,
11,1,2024-05-21,09:00,院會,第11屆第1會期第14次會議,一、討論事項：本院司法及法制委員會報告併案審查台灣民眾黨黨團、委員楊瓊瓔等20人、委員傅崐萁等52人、委員傅崐萁等52人分別擬具「立法院職權行使法部分條文修正草案」、委員翁曉玲等16人擬具「立法院職權行使法第十五條、第二十九條及第四十四條條文修正草案」、委員傅崐萁等52人、委員翁曉玲等16人分別擬具「立法院職權行使法第十五條之一、第十五條之二及第十五條之四條文修正草案」、委員吳宗憲等16人擬具「立法院職權行使法部分條文修正草案」、委員吳宗憲等17人擬具「立法院職權行使法第十七條條文修正草案」、委員吳宗憲等17人擬具「立法院職權行使法部分條文修正草案」、委員吳宗憲等16人擬具「立法院職權行使法第十五條之一、第十五條之二及第十五條之四條文修正草案」、委員賴瑞隆等17人擬具「立法院職權行使法第十五條之二條文修正草案」、委員賴士葆等20人擬具「立法院職權行使法增訂部分條文草案」、委員吳宗憲等18人擬具「立法院職權行使法第二十五條及第二十六條條文修正草案」及委員翁曉玲等18人擬具「立法院職權行使法第二十五條條文修正草案」案；本院委員羅智強等31人擬具「立法院職權行使法第二十二條、第二十三條及第二十八條條文修正草案」，請審議案；本院委員羅智強等16人擬具「立法院職權行使法部分條文修正草案」，請審議案；本院委員呂玉玲等17人擬具「立法院職權行使法第十五條之一條文修正草案」，請審議案；本院委員呂玉玲等16人擬具「立法院職權行使法增訂第二十八條之三及第二十八條之四條文草案」，請審議案；本院委員鄭天財SraKacaw等19人擬具「立法院職權行使法部分條文修正草案」，請審議案；本院委員翁曉玲等17人擬具「立法院職權行使法部分條文修正草案」，請審議案；本院委員羅智強等22人擬具「立法院職權行使法第二十五條條文修正草案」，請審議案；本院委員李彥秀等17人擬具「立法院職權行使法第三十一條及第七十一條之一條文修正草案」，請審議案等11案。 二、5月17日上午9時至10時為國是論壇時間。 三、5月21日下午5時至6時為處理臨時提案時間。,https://ivod.ly.gov.tw/Play/Full/300K/15949,1101,
11,1,2024-05-21,09:00,院會,第11屆第1會期第14次會議,一、討論事項：本院司法及法制委員會報告併案審查台灣民眾黨黨團、委員楊瓊瓔等20人、委員傅崐萁等52人、委員傅崐萁等52人分別擬具「立法院職權行使法部分條文修正草案」、委員翁曉玲等16人擬具「立法院職權行使法第十五條、第二十九條及第四十四條條文修正草案」、委員傅崐萁等52人、委員翁曉玲等16人分別擬具「立法院職權行使法第十五條之一、第十五條之二及第十五條之四條文修正草案」、委員吳宗憲等16人擬具「立法院職權行使法部分條文修正草案」、委員吳宗憲等17人擬具「立法院職權行使法第十七條條文修正草案」、委員吳宗憲等17人擬具「立法院職權行使法部分條文修正草案」、委員吳宗憲等16人擬具「立法院職權行使法第十五條之一、第十五條之二及第十五條之四條文修正草案」、委員賴瑞隆等17人擬具「立法院職權行使法第十五條之二條文修正草案」、委員賴士葆等20人擬具「立法院職權行使法增訂部分條文草案」、委員吳宗憲等18人擬具「立法院職權行使法第二十五條及第二十六條條文修正草案」及委員翁曉玲等18人擬具「立法院職權行使法第二十五條條文修正草案」案；本院委員羅智強等31人擬具「立法院職權行使法第二十二條、第二十三條及第二十八條條文修正草案」，請審議案；本院委員羅智強等16人擬具「立法院職權行使法部分條文修正草案」，請審議案；本院委員呂玉玲等17人擬具「立法院職權行使法第十五條之一條文修正草案」，請審議案；本院委員呂玉玲等16人擬具「立法院職權行使法增訂第二十八條之三及第二十八條之四條文草案」，請審議案；本院委員鄭天財SraKacaw等19人擬具「立法院職權行使法部分條文修正草案」，請審議案；本院委員翁曉玲等17人擬具「立法院職權行使法部分條文修正草案」，請審議案；本院委員羅智強等22人擬具「立法院職權行使法第二十五條條文修正草案」，請審議案；本院委員李彥秀等17人擬具「立法院職權行使法第三十一條及第七十一條之一條文修正草案」，請審議案等11案。 二、5月17日上午9時至10時為國是論壇時間。 三、5月21日下午5時至6時為處理臨時提案時間。,https://ivod.ly.gov.tw/Play/Full/300K/15948,1101,
11,1,2024-05-21,09:00,院會,第11屆第1會期第14次會議,一、討論事項：本院司法及法制委員會報告併案審查台灣民眾黨黨團、委員楊瓊瓔等20人、委員傅崐萁等52人、委員傅崐萁等52人分別擬具「立法院職權行使法部分條文修正草案」、委員翁曉玲等16人擬具「立法院職權行使法第十五條、第二十九條及第四十四條條文修正草案」、委員傅崐萁等52人、委員翁曉玲等16人分別擬具「立法院職權行使法第十五條之一、第十五條之二及第十五條之四條文修正草案」、委員吳宗憲等16人擬具「立法院職權行使法部分條文修正草案」、委員吳宗憲等17人擬具「立法院職權行使法第十七條條文修正草案」、委員吳宗憲等17人擬具「立法院職權行使法部分條文修正草案」、委員吳宗憲等16人擬具「立法院職權行使法第十五條之一、第十五條之二及第十五條之四條文修正草案」、委員賴瑞隆等17人擬具「立法院職權行使法第十五條之二條文修正草案」、委員賴士葆等20人擬具「立法院職權行使法增訂部分條文草案」、委員吳宗憲等18人擬具「立法院職權行使法第二十五條及第二十六條條文修正草案」及委員翁曉玲等18人擬具「立法院職權行使法第二十五條條文修正草案」案；本院委員羅智強等31人擬具「立法院職權行使法第二十二條、第二十三條及第二十八條條文修正草案」，請審議案；本院委員羅智強等16人擬具「立法院職權行使法部分條文修正草案」，請審議案；本院委員呂玉玲等17人擬具「立法院職權行使法第十五條之一條文修正草案」，請審議案；本院委員呂玉玲等16人擬具「立法院職權行使法增訂第二十八條之三及第二十八條之四條文草案」，請審議案；本院委員鄭天財SraKacaw等19人擬具「立法院職權行使法部分條文修正草案」，請審議案；本院委員翁曉玲等17人擬具「立法院職權行使法部分條文修正草案」，請審議案；本院委員羅智強等22人擬具「立法院職權行使法第二十五條條文修正草案」，請審議案；本院委員李彥秀等17人擬具「立法院職權行使法第三十一條及第七十一條之一條文修正草案」，請審議案等11案。 二、5月17日上午9時至10時為國是論壇時間。 三、5月21日下午5時至6時為處理臨時提案時間。,https://ivod.ly.gov.tw/Play/Full/300K/15931,1101,
11,1,2024-05-21,12:00,程序委員會,立法院第11屆第1會期程序委員會第12次會議,審定本院第11屆第1會期第15次會議議事日程 及人民請願案,https://ivod.ly.gov.tw/Play/Full/300K/15932,1101,
11,1,2024-05-22,09:00,社會福利及衛生環境委員會,立法院第11屆第1會期社會福利及衛生環境委員會第17次全體委員會議,邀請環境部部長列席報告業務概況，並備質詢。 【5月22日、23日二天一次會】,https://ivod.ly.gov.tw/Play/Full/300K/15935,1101,
11,1,2024-05-22,09:00,教育及文化委員會,立法院第11屆第1會期教育及文化委員會第13次全體委員會議,邀請文化部部長李遠列席報告業務概況，並備質詢。 【5月22日及23日二天一次會】,https://ivod.ly.gov.tw/Play/Full/300K/15936,1101,
11,1,2024-05-22,09:00,司法及法制委員會,立法院第11屆第1會期司法及法制委員會第24次全體委員會議,邀請法務部部長率所屬單位主管列席報告業務概況，並備質詢。,https://ivod.ly.gov.tw/Play/Full/300K/15939,1101,
11,1,2024-05-22,09:00,財政委員會,立法院第11屆第1會期財政委員會第13次全體委員會議,邀請金融監督管理委員會彭主任委員金隆率所屬機關首長暨中央存款保險股份有限公司、監管相關機構有關之財團法人、臺灣證券交易所股份有限公司、臺灣期貨交易所股份有限公司、臺灣集中保管結算所股份有限公司等董事長、總經理列席業務報告，並備質詢。 【5月20日及22日二天一次會】,https://ivod.ly.gov.tw/Play/Full/300K/15934,1101,
11,1,2024-05-22,09:00,內政委員會, 變更議程 立法院第11屆第1會期內政委員會第19次全體委員會議,一、審查委員吳琪銘等17人擬具「不動產估價師法部分條文修正草案」案。二、審查委員蔡易餘等17人擬具「土地法第七十三條之一條文修正草案」案。三、審查委員林岱樺等17人擬具「土地法第十四條條文修正草案」案。【第三案如經院會復議，則不予審查】 【5月22日、23日 二天一次會】,https://ivod.ly.gov.tw/Play/Full/300K/15938,1101,
11,1,2024-05-22,09:00,經濟委員會,立法院第11屆第1會期經濟、社會福利及衛生環境、教育及文化三委員會第1次聯席會議,審查： 一、本院委員羅美玲等20人擬具「外國專業人才延攬及僱用法第十四條條文修正草案」案。 二、本院委員王定宇等16人擬具「外國專業人才延攬及僱用法增訂第二十一條之一條文草案」案。 三、本院委員邱志偉等20人擬具「外國專業人才延攬及僱用法第十二條條文修正草案」案。 四、本院委員邱議瑩等19人擬具「外國專業人才延攬及僱用法第十四條條文修正草案」案。  第四案如經復議，則不予審查）。,https://ivod.ly.gov.tw/Play/Full/300K/15937,1101,
11,1,2024-05-23,09:00,教育及文化委員會,立法院第11屆第1會期教育及文化委員會第13次全體委員會議,一、邀請國家科學及技術委員會主任委員吳誠文列席報告業務概況，並備質詢。 二、審查113年度中央政府總預算有關國家科學及技術委員會主管預算 公務預算 解凍案7案。 【5月22日及23日二天一次會】,https://ivod.ly.gov.tw/Play/Full/300K/15941,1101,
11,1,2024-05-23,09:00,司法及法制委員會,立法院第11屆第1會期司法及法制委員會第25次全體委員會議,一、處理113年度中央政府總預算關於立法院主管預算凍結項目共4案。 二、處理113年度中央政府總預算關於行政院人事行政總處主管預算凍結項目共1案。 三、併案審查 （一）行政院函請審議「洗錢防制法修正草案」案。 （二）台灣民眾黨黨團擬具「洗錢防制法第五條及第五條之一條文修正草案」案。 （三）委員郭國文等16人擬具「洗錢防制法第五條及第六條之一條文修正草案」案。 （四）台灣民眾黨黨團擬具「洗錢防制法部分條文修正草案」案。 【第三案（一）各黨團若未提出不復議同意書，則不予審查；（四）如經院會復議，則不予審查】,https://ivod.ly.gov.tw/Play/Full/300K/15943,1101,
11,1,2024-05-23,09:00,經濟委員會,立法院第11屆第1會期經濟委員會第13次全體委員會議,一、邀請公平交易委員會主任委員就「外送平台併購是否涉及限制競爭之調查程序、認定原則及對消費者權益影響之配套措施」進行報告，並備質詢。 二、審查： （一）本院委員邱志偉等16人擬具「多層次傳銷管理法第十三條條文修正草案」案。 （二）本院委員楊瓊瓔等24人擬具「多層次傳銷管理法第十三條條文修正草案」案。,https://ivod.ly.gov.tw/Play/Full/300K/15942,1101,
11,1,2024-05-23,09:00,社會福利及衛生環境委員會,立法院第11屆第1會期社會福利及衛生環境委員會第17次全體委員會議,邀請勞動部部長列席報告業務概況，並備質詢。 【5月22日、23日二天一次會】,https://ivod.ly.gov.tw/Play/Full/300K/15940,1101,
11,1,2024-05-24,09:00,院會,第11屆第1會期第15次會議,一、討論事項：本院司法及法制委員會報告併案審查台灣民眾黨黨團、委員楊瓊瓔等20人、委員傅崐萁等52人、委員傅崐萁等52人分別擬具「立法院職權行使法部分條文修正草案」、委員翁曉玲等16人擬具「立法院職權行使法第十五條、第二十九條及第四十四條條文修正草案」、委員傅崐萁等52人、委員翁曉玲等16人分別擬具「立法院職權行使法第十五條之一、第十五條之二及第十五條之四條文修正草案」、委員吳宗憲等16人擬具「立法院職權行使法部分條文修正草案」、委員吳宗憲等17人擬具「立法院職權行使法第十七條條文修正草案」、委員吳宗憲等17人擬具「立法院職權行使法部分條文修正草案」、委員吳宗憲等16人擬具「立法院職權行使法第十五條之一、第十五條之二及第十五條之四條文修正草案」、委員賴瑞隆等17人擬具「立法院職權行使法第十五條之二條文修正草案」、委員賴士葆等20人擬具「立法院職權行使法增訂部分條文草案」、委員吳宗憲等18人擬具「立法院職權行使法第二十五條及第二十六條條文修正草案」及委員翁曉玲等18人擬具「立法院職權行使法第二十五條條文修正草案」案   等11案。二、5月24日上午9時至10時為國是論壇時間。三、5月28日下午5時至6時為處理臨時提案時間。,https://ivod.ly.gov.tw/Play/Full/300K/15945,1101,
11,1,2024-05-27,09:00,司法及法制委員會,立法院第11屆第1會期司法及法制委員會第26次全體委員會議,一、併案審查 （一）委員洪孟楷等21人擬具「中華民國刑法第八十三條條文修正草案」案。 （二）委員王育敏等21人擬具「中華民國刑法增訂第八十條之一條文草案」案。 二、繼續併案審查 （一）委員廖偉翔等18人擬具「中華民國刑法第三百三十九條之四條文修正草案」案。 （二）委員徐巧芯等17人擬具「中華民國刑法第三百三十九條及第三百三十九條之四條文修正草案」案。 （三）委員馬文君等17人擬具「中華民國刑法第三百三十九條及第三百三十九條之四條文修正草案」案。 （四）委員羅智強等29人擬具「中華民國刑法第三百三十九條條文修正草案」案。 （五）委員黃健豪等19人擬具「中華民國刑法第三百三十九條之四條文修正草案」案。 （六）委員蔡易餘等17人擬具「中華民國刑法第三百三十九條之四條文修正草案」案。 （七）委員謝衣鳯等17人擬具「中華民國刑法第三百三十九條之四條文修正草案」案。 （八）委員洪孟楷等22人擬具「中華民國刑法第三百三十九條之四條文修正草案」案。 （九）委員徐欣瑩等19人擬具「中華民國刑法第三百三十九條之四條文修正草案」案。 （十）委員涂權吉等19人擬具「中華民國刑法第三百三十九條之四條文修正草案」案。 （十一）委員王世堅等22人擬具「中華民國刑法第三百三十九條、第三百三十九條之三及第三百三十九條之四條文修正草案」案。 （十二）委員謝衣鳯等17人擬具「中華民國刑法第三百三十九條條文修正草案」案。 （十三）委員謝衣鳯等16人擬具「中華民國刑法第三百三十九條之四條文修正草案」案。 （十四）委員陳菁徽等16人擬具「中華民國刑法第三百三十九條及第三百三十九條之四條文修正草案」案。 （十五）委員葉元之等24人擬具「中華民國刑法第三百三十九條及第三百三十九條之四條文修正草案」案。 （十六）台灣民眾黨黨團擬具「中華民國刑法第三百三十九條之四條文修正草案」案。 （十七）委員魯明哲等16人擬具「中華民國刑法第三百三十九條之四條文修正草案」案。 【第二案（十七）各黨團若未提出不復議同意書，則不予審查】,https://ivod.ly.gov.tw/Play/Full/300K/15954,1101,
11,1,2024-05-27,09:00,教育及文化委員會,立法院第11屆第1會期教育及文化委員會第14次全體委員會議,邀請教育部部長鄭英耀列席報告業務概況，並備質詢。 【5月27日及29日二天一次會】,https://ivod.ly.gov.tw/Play/Full/300K/15953,1101,
11,1,2024-05-27,09:00,社會福利及衛生環境委員會,立法院第11屆第1會期社會福利及衛生環境委員會第19次全體委員會議,一、審查  一 委員林德福等19人擬具「就業服務法第四十六條條文修正草案」案。  二 委員楊瓊瓔等16人擬具「就業服務法第四十六條條文修正草案」案。  三 委員馬文君等25人擬具「就業服務法第四十六條條文修正草案」案。  四 委員涂權吉等17人擬具「就業服務法部分條文修正草案」案。  五 委員黃建賓等20人擬具「就業服務法第四十六條條文修正草案」案。  六 委員呂玉玲等16人擬具「就業服務法第四十六條及第五十五條條文修正草案」案。  七 委員盧縣一等17人擬具「就業服務法第四十六條條文修正草案」案。  八 委員鄭正鈐等17人擬具「就業服務法第四十六條條文修正草案」案。  九 委員王育敏等17人擬具「就業服務法第四十六條條文修正草案」案。  十 委員張嘉郡等30人擬具「就業服務法第四十六條條文修正草案」案。  十一 委員王鴻薇等22人擬具「就業服務法第四十六條條文修正草案」案。 二、審查  一 委員萬美玲等36人擬具「勞動基準法第五十條條文修正草案」案。  二 委員許宇甄等18人擬具「勞動基準法第五十條條文修正草案」案。  三 委員馬文君等20人擬具「勞動基準法第五十條條文修正草案」案。  四 委員邱若華等16人擬具「勞動基準法第五十條條文修正草案」案。 【一（九） ：如未經各黨團簽署不復議同意書，則不予審查】 【一 十 、 十一  ：如未經各黨團簽署不復議同意書，則不予審查】 【討論事項綜合詢答】 【5月27日、29日二天一次會】,https://ivod.ly.gov.tw/Play/Full/300K/15952,1101,
11,1,2024-05-27,09:00,經濟委員會,立法院第11屆第1會期經濟委員會第14次全體委員會議,繼續審查： 一、本院委員黃仁等18人擬具「離島建設條例第十三條條文修正草案」案。 二、本院委員陳玉珍等18人擬具「離島建設條例第三條、第七條及第七條之一條文修正草案」案。 三、本院委員陳玉珍等18人擬具「離島建設條例第五條條文修正草案」案。 四、本院委員陳玉珍等17人擬具「離島建設條例第十條條文修正草案」案。 五、本院委員蔡易餘等21人擬具「離島建設條例第十條之一條文修正草案」案。 處理  【5月27日、5月29日及5月30日三天一次會】,https://ivod.ly.gov.tw/Play/Full/300K/15950,1101,
11,1,2024-05-27,09:00,交通委員會,立法院第11屆第1會期交通委員會第14次全體委員會議,一、邀請數位發展部部長黃彥男列席報告業務概況，並備質詢。 二、審查113年度中央政府總預算關於數位發展部主管預算凍結案計11案。 【5月27日及29日二天一次會】,https://ivod.ly.gov.tw/Play/Full/300K/15951,1101,
11,1,2024-05-28,09:00,院會,第11屆第1會期第15次會議,一、討論事項：本院司法及法制委員會報告併案審查台灣民眾黨黨團、委員楊瓊瓔等20人、委員傅崐萁等52人、委員傅崐萁等52人分別擬具「立法院職權行使法部分條文修正草案」、委員翁曉玲等16人擬具「立法院職權行使法第十五條、第二十九條及第四十四條條文修正草案」、委員傅崐萁等52人、委員翁曉玲等16人分別擬具「立法院職權行使法第十五條之一、第十五條之二及第十五條之四條文修正草案」、委員吳宗憲等16人擬具「立法院職權行使法部分條文修正草案」、委員吳宗憲等17人擬具「立法院職權行使法第十七條條文修正草案」、委員吳宗憲等17人擬具「立法院職權行使法部分條文修正草案」、委員吳宗憲等16人擬具「立法院職權行使法第十五條之一、第十五條之二及第十五條之四條文修正草案」、委員賴瑞隆等17人擬具「立法院職權行使法第十五條之二條文修正草案」、委員賴士葆等20人擬具「立法院職權行使法增訂部分條文草案」、委員吳宗憲等18人擬具「立法院職權行使法第二十五條及第二十六條條文修正草案」及委員翁曉玲等18人擬具「立法院職權行使法第二十五條條文修正草案」案   等12案。二、5月24日上午9時至10時為國是論壇時間。三、5月28日下午5時至6時為處理臨時提案時間。,https://ivod.ly.gov.tw/Play/Full/300K/15955,1101,
11,1,2024-05-28,12:00,程序委員會,立法院第11屆第1會期程序委員會第13次會議,審定本院第11屆第1會期第16次會議議事日程 及人民請願案,https://ivod.ly.gov.tw/Play/Full/300K/15956,1101,
11,1,2024-05-29,09:00,經濟委員會,立法院第11屆第1會期經濟委員會第14次全體委員會議,邀請農業部部長列席報告業務概況，並備質詢。【5月27日、5月29日及5月30日三天一次會】,https://ivod.ly.gov.tw/Play/Full/300K/15959,1101,
11,1,2024-05-29,09:00,交通委員會,立法院第11屆第1會期交通委員會第14次全體委員會議,邀請行政院公共工程委員會主任委員陳金德列席報告業務概況，並備質詢。 【5月27日及29日二天一次會】,https://ivod.ly.gov.tw/Play/Full/300K/15960,1101,
11,1,2024-05-29,09:00,財政委員會,立法院第11屆第1會期財政委員會第14次全體委員會議,邀請行政院主計總處陳主計長淑姿率所屬單位主管列席業務報告，並備質詢。,https://ivod.ly.gov.tw/Play/Full/300K/15957,1101,
11,1,2024-05-29,09:00,教育及文化委員會,立法院第11屆第1會期教育及文化委員會第14次全體委員會議,邀請核能安全委員會主任委員陳東陽及經濟部次長列席就「展望全球核能發電趨勢，我國核電廠延役推動現況暨發展新型核能成為永續能源之規劃」進行專題報告，並備質詢。 【5月27日及29日二天一次會】,https://ivod.ly.gov.tw/Play/Full/300K/15958,1101,
11,1,2024-05-29,09:00,外交及國防委員會,立法院第11屆第1會期外交及國防委員會第22次全體委員會議,邀請國家安全局局長蔡明彥、外交部、大陸委員會報告「第十六屆總統就職後國際暨兩岸情勢發展對我國安之影響」，並備質詢。,https://ivod.ly.gov.tw/Play/Full/300K/15962,1101,
11,1,2024-05-29,09:00,內政委員會,立法院第11屆第1會期內政委員會第20次全體委員會議,邀請內政部部長率同所屬列席報告業務概況，並備質詢。,https://ivod.ly.gov.tw/Play/Full/300K/15961,1101,
11,1,2024-05-29,09:00,司法及法制委員會,立法院第11屆第1會期司法及法制委員會第27次全體委員會議,邀請司法院秘書長、法務部部長、衛生福利部率所屬相關單位列席就「強化社會安全網─暫行安置與監護處分制度及執行機構場域安全之檢討」進行專題報告，並備質詢。,https://ivod.ly.gov.tw/Play/Full/300K/15963,1101,
11,1,2024-05-29,09:30,社會福利及衛生環境委員會,立法院第11屆第1會期社會福利及衛生環境委員會第18次全體委員會議,一、審查  一 委員林德福等19人擬具「就業服務法第四十六條條文修正草案」案。  二 委員楊瓊瓔等16人擬具「就業服務法第四十六條條文修正草案」案。  三 委員馬文君等25人擬具「就業服務法第四十六條條文修正草案」案。  四 委員涂權吉等17人擬具「就業服務法部分條文修正草案」案。  五 委員黃建賓等20人擬具「就業服務法第四十六條條文修正草案」案。  六 委員呂玉玲等16人擬具「就業服務法第四十六條及第五十五條條文修正草案」案。  七 委員盧縣一等17人擬具「就業服務法第四十六條條文修正草案」案。  八 委員鄭正鈐等17人擬具「就業服務法第四十六條條文修正草案」案。  九 委員王育敏等17人擬具「就業服務法第四十六條條文修正草案」案。  十 委員張嘉郡等30人擬具「就業服務法第四十六條條文修正草案」案。  十一 委員王鴻薇等22人擬具「就業服務法第四十六條條文修正草案」案。 二、審查  一 委員萬美玲等36人擬具「勞動基準法第五十條條文修正草案」案。  二 委員許宇甄等18人擬具「勞動基準法第五十條條文修正草案」案。  三 委員馬文君等20人擬具「勞動基準法第五十條條文修正草案」案。  四 委員邱若華等16人擬具「勞動基準法第五十條條文修正草案」案。 【一（九） ：如經復議，則不予審查】 【一 十 、 十一  ：如未經各黨團簽署不復議同意書，則不予審查】 【討論事項綜合詢答】 【5月27日、29日二天一次會】,https://ivod.ly.gov.tw/Play/Full/300K/15964,1101,
11,1,2024-05-30,09:00,內政委員會,立法院第11屆第1會期內政委員會第21次全體委員會議,一、處理113年度中央政府總預算案有關原住民族委員會預算凍結書面報告案計4案。二、處理財團法人原住民族語言研究發展基金會113年度預算凍結書面報告案計1案。三、邀請原住民族委員會主任委員率同所屬列席報告業務概況，並備質詢。四、審查 一 委員高金素梅等22人擬具「都會原住民權利發展條例草案」案。 二 委員鄭天財Sra Kacaw等17人擬具「都市原住民發展條例草案」案。 三 委員陳瑩等16人擬具「都市地區原住民族發展條例草案」案。 四 委員伍麗華Saidhai‧Tahovecahe等21人擬具「都市原住民發展條例草案」案。【詢答及處理；第 四 案如經院會復議則不予審查】,https://ivod.ly.gov.tw/Play/Full/300K/15970,1101,
11,1,2024-05-30,09:00,教育及文化委員會,立法院第11屆第1會期教育及文化委員會,「高級中等教育修法暨108課綱實施檢討」公聽會,https://ivod.ly.gov.tw/Play/Full/300K/15968,1101,
11,1,2024-05-30,09:00,社會福利及衛生環境委員會,立法院第11屆第1會期社會福利及衛生環境委員會第19次全體委員會議,審查 一、委員許宇甄等22人擬具「老人福利法增訂第二十二條之一條文草案」案。 二、委員馬文君等16人擬具「老人福利法第二十五條條文修正草案」案。 三、委員張嘉郡等20人擬具「老人福利法第二十二條條文修正草案」案。 四、國民黨黨團擬具「老人福利法第二十二條條文修正草案」案。 五、委員黃健豪等17人擬具「老人福利法第二十二條條文修正草案」案。 六、委員王育敏等19人擬具「老人福利法第二十二條條文修正草案」案。 七、台灣民眾黨黨團擬具「老人福利法第二十二條及第二十五條條文修正草案」案。 【第七案，如經復議，則不予審查】,https://ivod.ly.gov.tw/Play/Full/300K/15967,1101,
11,1,2024-05-30,09:00,外交及國防委員會,立法院第11屆第1會期外交及國防委員會第23次全體委員會議,邀請外交部部長林佳龍報告業務概況，並備質詢。,https://ivod.ly.gov.tw/Play/Full/300K/15971,1101,
11,1,2024-05-30,09:00,經濟委員會,立法院第11屆第1會期經濟委員會第14次全體委員會議,邀請國家發展委員會主任委員列席報告業務概況，並備質詢。【5月27日、5月29日及5月30日三天一次會】,https://ivod.ly.gov.tw/Play/Full/300K/15969,1101,
11,1,2024-05-30,09:00,司法及法制委員會,立法院第11屆第1會期司法及法制委員會第28次全體委員會議,邀請司法院秘書長、法務部部長、衛生福利部、教育部率所屬相關單位列席就「鐵窗裡的少年─如何提升輔導處遇、預防再犯、落實社區轉銜機制、促進社會復歸，並完備社會安全網」進行專題報告，並備質詢。,https://ivod.ly.gov.tw/Play/Full/300K/15965,1101,
11,1,2024-05-30,09:00,財政委員會,立法院第11屆第1會期財政委員會第15次全體委員會議,邀請財政部莊部長翠雲、金融監督管理委員會彭主任委員金隆率所屬相關單位就「如何精進ESG制度評鑑、永續報告書及公司治理評鑑制度，並導引金融機構落實放貸及貸後管理工作」進行專題報告，並備質詢。,https://ivod.ly.gov.tw/Play/Full/300K/15966,1101,
11,1,2024-05-31,09:00,院會,第11屆第1會期第16次會議,一、行政院院長報告施政方針並備質詢。 二、5月31日上午9時至10時為國是論壇時間。 三、本次會議不處理臨時提案。,https://ivod.ly.gov.tw/Play/Full/300K/15972,1101,
11,1,2024-06-03,09:00,司法及法制委員會,立法院第11屆第1會期司法及法制委員會第29次全體委員會議,繼續併案審查 （一）行政院函請審議「洗錢防制法修正草案」案。 （二）台灣民眾黨黨團擬具「洗錢防制法第五條及第五條之一條文修正草案」案。 （三）委員郭國文等16人擬具「洗錢防制法第五條及第六條之一條文修正草案」案。 （四）台灣民眾黨黨團擬具「洗錢防制法部分條文修正草案」案。,https://ivod.ly.gov.tw/Play/Full/300K/15975,1101,
11,1,2024-06-03,09:00,財政委員會,立法院第11屆第1會期財政委員會第16次全體委員會議,一、繼續審查「財政收支劃分法」14案：（繼續詢答）  一  本院台灣民眾黨黨團擬具「財政收支劃分法修正草案」案。  二  本院國民黨黨團、委員羅明才等23人、委員林思銘等20人、委員許宇甄等16人、委員洪孟楷等22人分別擬具「財政收支劃分法部分條文修正草案」等5案。  三  本院委員伍麗華Saidhai Tahovecahe等17人擬具「財政收支劃分法第三條條文修正草案」案。  四  本院委員陳玉珍等24人擬具「財政收支劃分法第八條條文修正草案」案。  五  本院委員王鴻薇等24人擬具「財政收支劃分法第八條、第十二條及第三十條條文修正草案」案。  六  本院委員陳超明等17人擬具「財政收支劃分法第八條、第十二條及第十六條之一條文修正草案」案。  七  本院委員賴瑞隆等16人、委員蔡易餘等16人分別擬具「財政收支劃分法第十六條之一條文修正草案」等2案。  八  本院委員賴士葆等29人擬具「財政收支劃分法第十六條之二、第三十七條之二及第三十八條之二條文修正草案」案。  九  本院委員賴士葆等22人擬具「財政收支劃分法第三十八條之一條文修正草案」案。 二、審查「財政收支劃分法」3案：（繼續詢答）  一  本院委員丁學忠等17人擬具「財政收支劃分法部分條文修正草案」案。  二  本院委員黃健豪等21人擬具「財政收支劃分法第八條及第十二條條文修正草案」案。  三  本院委員邱鎮軍等19人擬具「財政收支劃分法第八條、第十二條及第十六條之一條文修正草案」案。 【6月3日及6日二天一次會】,https://ivod.ly.gov.tw/Play/Full/300K/15973,1101,
11,1,2024-06-03,09:00,交通委員會,立法院第11屆第1會期交通委員會第15次全體委員會議,邀請數位發展部、國家通訊傳播委員會、法務部、個人資料保護委員會籌備處及中華電信股份有限公司就「國家機器以手機定位、分析個資特性等方式侵犯人民權益」進行專題報告，並備質詢。【6月3日及6日二天一次會】,https://ivod.ly.gov.tw/Play/Full/300K/15974,1101,
11,1,2024-06-04,09:00,院會,第11屆第1會期第16次會議,一、行政院院長報告施政方針並備質詢 5月31日 。 二、討論事項：本院社會福利及衛生環境委員會報告併案審查行政院函請審議、委員邱議瑩等25人擬具「再生醫療法草案」、委員謝衣鳯等19人擬具「再生醫療發展法草案」、委員羅廷瑋等21人、委員黃秀芳等18人、委員王正旭等20人、台灣民眾黨黨團、委員陳菁徽等19人及委員楊瓊瓔等25人分別擬具「再生醫療法草案」等5案 6月4日 。 三、5月31日上午9時至10時為國是論壇時間。 四、本次會議不處理臨時提案。,https://ivod.ly.gov.tw/Play/Full/300K/15976,1101,
11,1,2024-06-04,12:00,程序委員會,立法院第11屆第1會期程序委員會第14次會議,審定本院第11屆第1會期第17次會議議事日程 及人民請願案,https://ivod.ly.gov.tw/Play/Full/300K/15977,1101,
11,1,2024-06-04,13:00,朝野黨團協商,立法院黨團協商,議案協商,https://ivod.ly.gov.tw/Play/Full/300K/15978,1101,
11,1,2024-06-05,09:00,司法及法制委員會,立法院第11屆第1會期司法及法制委員會第30次全體委員會議,一、審查行政院函請審議「科技偵查及保障法草案」案。 二、繼續併案審查 （一）行政院函請審議「洗錢防制法修正草案」案。 （二）台灣民眾黨黨團擬具「洗錢防制法第五條及第五條之一條文修正草案」案。 （三）委員郭國文等16人擬具「洗錢防制法第五條及第六條之一條文修正草案」案。 （四）台灣民眾黨黨團擬具「洗錢防制法部分條文修正草案」案。,https://ivod.ly.gov.tw/Play/Full/300K/15985,1101,
11,1,2024-06-05,09:00,經濟委員會,立法院第11屆第1會期經濟委員會第15次全體委員會議,邀請經濟部部長列席報告業務概況，並備質詢。,https://ivod.ly.gov.tw/Play/Full/300K/15982,1101,
11,1,2024-06-05,09:00,教育及文化委員會,立法院第11屆第1會期教育及文化委員會第15次全體委員會議,邀請國家科學及技術委員會主任委員吳誠文、數位發展部列席就「人工智慧 AI 推動現況與未來方向」進行專題報告，並備質詢。 【6月5日及6日二天一次會】,https://ivod.ly.gov.tw/Play/Full/300K/15981,1101,
11,1,2024-06-05,09:00,社會福利及衛生環境委員會,立法院第11屆第1會期社會福利及衛生環境委員會第20次全體委員會議,邀請衛生福利部部長、外交部就「2024年我國參與世界衛生大會（WHA）之經過、檢討與展望」進行專題報告，並備質詢。 【6月5日及6日二天一次會】,https://ivod.ly.gov.tw/Play/Full/300K/15980,1101,
11,1,2024-06-05,09:00,財政委員會,「財政收支劃分法修正草案」第一次初步審查會議,「財政收支劃分法修正草案」第一次初步審查會議,https://ivod.ly.gov.tw/Play/Full/300K/15979,1101,
11,1,2024-06-05,09:00,外交及國防委員會,立法院第11屆第1會期外交及國防委員會第24次全體委員會議,邀請國軍退除役官兵輔導委員會主任委員嚴德發報告業務概況，並備質詢。,https://ivod.ly.gov.tw/Play/Full/300K/15984,1101,
11,1,2024-06-05,09:00,內政委員會,立法院第11屆第1會期內政委員會第22次全體委員會議,一、「詐欺犯罪危害防制條例草案」： 一 審查行政院函請審議「詐欺犯罪危害防制條例草案」案。 二 審查台灣民眾黨黨團擬具「詐欺犯罪危害防制條例草案」案。 三 審查委員陳亭妃等16人擬具「詐欺犯罪危害防制條例草案」案。【第 二 案、第 三 案如未經各黨團簽署不復議同意書則不予審查。】二、「宗教團體以自然人名義登記不動產處理暫行條例」： 一 審查委員張嘉郡等21人擬具「宗教團體以自然人名義登記不動產處理暫行條例第五條條文修正草案」案。 二 審查委員吳琪銘等19人擬具「宗教團體以自然人名義登記不動產處理暫行條例第五條條文修正草案」案。 三 審查委員王美惠等17人擬具「宗教團體以自然人名義登記不動產處理暫行條例第五條條文修正草案」案。 四 審查委員林岱樺等18人擬具「宗教團體以自然人名義登記不動產處理暫行條例第五條條文修正草案」案。 五 審查委員陳亭妃等16人擬具「宗教團體以自然人名義登記不動產處理暫行條例第五條條文修正草案」案。【第 二 案至第 五 案如未經各黨團簽署不復議同意書則不予審查。】三、「海洋保育法草案」： 一 繼續審查行政院函請審議「海洋保育法草案」案。 二 繼續審查委員楊瓊瓔等20人擬具「海洋保育法草案」案。 三 繼續審查委員伍麗華Saidhai Tahovecahe等16人擬具「海洋保育法草案」案。 四 繼續審查委員王美惠等17人擬具「海洋保育法草案」案。 五 繼續審查委員黃捷等18人擬具「海洋保育法草案」案。 六 繼續審查委員羅廷瑋等18人擬具「海洋保育法草案」案。 七 繼續審查委員鄭天財Sra Kacaw等19人擬具「海洋保育法草案」案。 八 繼續審查委員蘇巧慧等16人擬具「海洋保育法草案」案。 九 繼續審查委員羅美玲等17人擬具「海洋保育法草案」案。 十 繼續審查委員許宇甄等20人擬具「海洋保育法草案」案。 十一 繼續審查委員莊瑞雄等20人擬具「海洋保育法草案」案。 十二 繼續審查委員洪申翰等16人擬具「海洋保育法草案」案。 十三 繼續審查台灣民眾黨黨團擬具「海洋保育法草案」案。 十四 繼續審查委員賴瑞隆等18人擬具「海洋保育法草案」案。 十五 繼續審查委員高金素梅等22人擬具「海洋保育法草案」案。 十六 繼續審查委員陳亭妃等16人擬具「海洋保育法草案」案。 十七 繼續審查委員蔡易餘等19人擬具「海洋保育法草案」案。 十八 繼續審查委員吳琪銘等18人擬具「海洋保育法草案」案。,https://ivod.ly.gov.tw/Play/Full/300K/15983,1101,
11,1,2024-06-05,10:10,財政委員會,立法院第11屆第1會期財政委員會第1次公聽會,召開「財政收支劃分法修正草案」公聽會,https://ivod.ly.gov.tw/Play/Full/300K/15987,1101,
11,1,2024-06-05,12:30,朝野黨團協商(社會福利及衛生環境委員會),立法院朝野黨團協商,一、社會福利及衛生環境、司法及法制兩委員會報告併案審查「兒童及少年性剝削防制條例部分條文修正草案」等36案。 二、逕付二讀：委員張嘉郡等23人、委員李彥秀等16人、委員羅廷瑋等16人、委員翁曉玲等22人、委員洪孟楷等19人、台灣民眾黨黨團、委員蔡易餘等17人、委員伍麗華SaidhaiTahovecahe等17人、委員羅智強等16人 2案 、委員張宏陸等19人、委員吳沛憶等21人、委員吳思瑤等18人、委員黃秀芳等17人、委員林淑芬等17人、委員賴瑞隆等17人、委員陳秀寳等26人、委員蔡其昌等17人、委員林楚茵等20人分別擬具「兒童及少年性剝削防制條例部分條文修正草案」等19案。,https://ivod.ly.gov.tw/Play/Full/300K/15986,1101,
11,1,2024-06-06,09:00,交通委員會,立法院第11屆第1會期交通委員會第15次全體委員會議,一、邀請國家運輸安全調查委員會主任委員林信得列席報告業務概況，並備質詢。 二、邀請交通部就「台二線70K崩塌暨道路邊坡滑坡監控作為」進行專題報告，並備質詢。【合併詢答】【6月3日及6日二天一次會】,https://ivod.ly.gov.tw/Play/Full/300K/15991,1101,
11,1,2024-06-06,09:00,司法及法制委員會,立法院第11屆第1會期司法及法制委員會第31次全體委員會議,一、併案審查 （一）行政院函請審議「通訊保障及監察法部分條文修正草案」案。 （二）台灣民眾黨黨團擬具「通訊保障及監察法部分條文修正草案」案。【本案各黨團若未提出不復議同意書，則不予審查】 二、繼續併案審查 （一）行政院函請審議「洗錢防制法修正草案」案。 （二）台灣民眾黨黨團擬具「洗錢防制法第五條及第五條之一條文修正草案」案。 （三）委員郭國文等16人擬具「洗錢防制法第五條及第六條之一條文修正草案」案。 （四）台灣民眾黨黨團擬具「洗錢防制法部分條文修正草案」案。 三、繼續審查行政院函請審議「科技偵查及保障法草案」案。,https://ivod.ly.gov.tw/Play/Full/300K/15992,1101,
11,1,2024-06-06,09:00,教育及文化委員會,立法院第11屆第1會期教育及文化委員會第15次全體委員會議,邀請文化部部長李遠、教育部、原住民族委員會、客家委員會列席就「自信臺灣深根文化軟實力－『國家語言發展法』推動成效總檢討」進行專題報告，並備質詢。【6月5日及6日二天一次會】,https://ivod.ly.gov.tw/Play/Full/300K/15990,1101,
11,1,2024-06-06,09:00,社會福利及衛生環境委員會,立法院第11屆第1會期社會福利及衛生環境委員會第20次全體委員會議,邀請環境部部長就「廢棄物暫存量逐年攀升，廢棄物處理政策短中長程規劃」進行專題報告，並備質詢。 【6月5日及6日二天一次會】,https://ivod.ly.gov.tw/Play/Full/300K/15989,1101,
11,1,2024-06-06,09:00,外交及國防委員會,立法院第11屆第1會期外交及國防委員會第25次全體委員會議,邀請國防部部長顧立雄報告業務概況，並備質詢。,https://ivod.ly.gov.tw/Play/Full/300K/15994,1101,
11,1,2024-06-06,09:00,內政委員會,立法院第11屆第1會期內政委員會第22次全體委員會議,一、「詐欺犯罪危害防制條例草案」： 一 審查行政院函請審議「詐欺犯罪危害防制條例草案」案。 二 審查台灣民眾黨黨團擬具「詐欺犯罪危害防制條例草案」案。 三 審查委員陳亭妃等16人擬具「詐欺犯罪危害防制條例草案」案。【第 二 案、第 三 案如未經各黨團簽署不復議同意書則不予審查。】二、「宗教團體以自然人名義登記不動產處理暫行條例」： 一 審查委員張嘉郡等21人擬具「宗教團體以自然人名義登記不動產處理暫行條例第五條條文修正草案」案。 二 審查委員吳琪銘等19人擬具「宗教團體以自然人名義登記不動產處理暫行條例第五條條文修正草案」案。 三 審查委員王美惠等17人擬具「宗教團體以自然人名義登記不動產處理暫行條例第五條條文修正草案」案。 四 審查委員林岱樺等18人擬具「宗教團體以自然人名義登記不動產處理暫行條例第五條條文修正草案」案。 五 審查委員陳亭妃等16人擬具「宗教團體以自然人名義登記不動產處理暫行條例第五條條文修正草案」案。【第 二 案至第 五 案如未經各黨團簽署不復議同意書則不予審查。】三、「海洋保育法草案」： 一 繼續審查行政院函請審議「海洋保育法草案」案。 二 繼續審查委員楊瓊瓔等20人擬具「海洋保育法草案」案。 三 繼續審查委員伍麗華Saidhai Tahovecahe等16人擬具「海洋保育法草案」案。 四 繼續審查委員王美惠等17人擬具「海洋保育法草案」案。 五 繼續審查委員黃捷等18人擬具「海洋保育法草案」案。 六 繼續審查委員羅廷瑋等18人擬具「海洋保育法草案」案。 七 繼續審查委員鄭天財Sra Kacaw等19人擬具「海洋保育法草案」案。 八 繼續審查委員蘇巧慧等16人擬具「海洋保育法草案」案。 九 繼續審查委員羅美玲等17人擬具「海洋保育法草案」案。 十 繼續審查委員許宇甄等20人擬具「海洋保育法草案」案。 十一 繼續審查委員莊瑞雄等20人擬具「海洋保育法草案」案。 十二 繼續審查委員洪申翰等16人擬具「海洋保育法草案」案。 十三 繼續審查台灣民眾黨黨團擬具「海洋保育法草案」案。 十四 繼續審查委員賴瑞隆等18人擬具「海洋保育法草案」案。 十五 繼續審查委員高金素梅等22人擬具「海洋保育法草案」案。 十六 繼續審查委員陳亭妃等16人擬具「海洋保育法草案」案。 十七 繼續審查委員蔡易餘等19人擬具「海洋保育法草案」案。 十八 繼續審查委員吳琪銘等18人擬具「海洋保育法草案」案。【6月5日及6日兩天一次會】,https://ivod.ly.gov.tw/Play/Full/300K/15993,1101,
11,1,2024-06-06,09:00,財政委員會,立法院第11屆第1會期財政委員會第16次全體委員會議,邀請中央銀行楊總裁金龍就「日圓貶值效應會否導致亞洲貨幣競貶，及對台灣經濟影響」進行專題報告，並備質詢；另邀請經濟部列席備詢。 【6月3日及6日二天一次會】,https://ivod.ly.gov.tw/Play/Full/300K/15988,1101,
11,1,2024-06-07,09:00,院會,第11屆第1會期第17次會議,一、對行政院院長報告施政方針繼續質詢。  二、6月7日上午9時至10時為國是論壇時間。 三、6月11日下午1時50分至2時30分為處理臨時提案時間。,https://ivod.ly.gov.tw/Play/Full/300K/15995,1101,
11,1,2024-06-11,09:00,院會,第11屆第1會期第17次會議,一、對行政院院長報告施政方針繼續質詢。  二、6月7日上午9時至10時為國是論壇時間。 三、6月11日下午1時50分至2時30分為處理臨時提案時間。,https://ivod.ly.gov.tw/Play/Full/300K/15996,1101,
11,1,2024-06-12,09:00,財政委員會,立法院第11屆第1會期財政委員會第17次全體委員會議,邀請金融監督管理委員會彭主任委員金隆、法務部、內政部警政署就「《洗錢防制法》修正草案與《詐欺犯罪危害防制條例》之制定對於防制虛擬資產及交易業務事業（VASP）淪為詐騙工具」、金融監督管理委員會就「虛擬資產專法制定進程」進行專題報告，並備質詢。 【6月12日及13日二天一次會】,https://ivod.ly.gov.tw/Play/Full/300K/15997,1101,
11,1,2024-06-12,09:00,司法及法制委員會,立法院第11屆第1會期司法及法制委員會第32次全體委員會議,併案審查 （一）司法院、行政院函請審議「刑事訴訟法第七十條之一、第二百四十五條及第二百四十五條之一條文修正草案」案。 （二）台灣民眾黨黨團擬具「刑事訴訟法部分條文修正草案」案。 （三）委員羅智強等27人擬具「刑事訴訟法第二百四十五條條文修正草案」案。 （四）委員吳宗憲等20人擬具「刑事訴訟法增訂部分條文草案」案。 （五）委員鍾佳濱等18人擬具「刑事訴訟法增訂部分條文草案」案。 （六）委員沈伯洋等18人擬具「刑事訴訟法第二百四十五條及第二百四十五條之一條文修正草案」案。 【第（四）至（六）案如經院會復議，則不予審查】,https://ivod.ly.gov.tw/Play/Full/300K/16002,1101,
11,1,2024-06-12,09:00,內政委員會,立法院第11屆第1會期內政委員會第23次全體委員會議,一、繼續審查委員羅美玲等22人擬具「新住民權益保障法草案」案。二、繼續審查台灣民眾黨黨團擬具「新住民基本法草案」案。三、繼續審查委員張智倫等18人擬具「新住民基本法草案」案。四、繼續審查國民黨黨團擬具「新住民基本法草案」案。五、繼續審查委員蘇巧慧等26人擬具「新住民基本法草案」案。六、審查委員王美惠等19人擬具「新住民權益保障法草案」案。七、審查委員邱鎮軍等27人擬具「新住民基本法草案」案。【第七案如未經各黨團簽署不復議同意書則不予審查。】,https://ivod.ly.gov.tw/Play/Full/300K/16000,1101,
11,1,2024-06-12,09:00,經濟委員會,立法院第11屆第1會期經濟委員會第16次全體委員會議,邀請國家發展委員會主任委員、經濟部部長、國家科學及技術委員會首長、數位發展部首長、教育部首長就「為掌握生成式AI等關鍵技術帶來的產業革命機會，台灣要如何深化AI生態系及充實AI人才與產業AI化，促動台灣產業數位轉型與運用AI賦能升級，擴展產業發展，打造智慧未來」進行報告，並備質詢。【6月12日及6月13日兩天一次會】,https://ivod.ly.gov.tw/Play/Full/300K/15999,1101,
11,1,2024-06-12,09:00,教育及文化委員會,立法院第11屆第1會期教育及文化委員會第16次全體委員會議,邀請教育部部長鄭英耀、法務部、內政部警政署列席就「如何有效防制毒品入侵校園及減少霸凌案件」進行專題報告，並備質詢。【6月12日及13日二天一次會】,https://ivod.ly.gov.tw/Play/Full/300K/15998,1101,
11,1,2024-06-12,09:00,外交及國防委員會,立法院第11屆第1會期外交及國防委員會第26次全體委員會議,邀請國家安全局局長蔡明彥率相關情報機關首長報告「國家如何運用民間通信設施蒐羅國安資訊」，併請國家通訊傳播委員會、中華電信股份有限公司列席，並備質詢。,https://ivod.ly.gov.tw/Play/Full/300K/16001,1101,
11,1,2024-06-12,12:00,程序委員會,立法院第11屆第1會期程序委員會第15次會議,審定本院第11屆第1會期第18次會議議事日程 及人民請願案,https://ivod.ly.gov.tw/Play/Full/300K/16003,1101,
11,1,2024-06-13,09:00,社會福利及衛生環境委員會,立法院第11屆第1會期社會福利及衛生環境委員會第21次全體委員會議,一、繼續審查  一 委員林德福等19人擬具「就業服務法第四十六條條文修正草案」案。  二 委員楊瓊瓔等16人擬具「就業服務法第四十六條條文修正草案」案。  三 委員馬文君等25人擬具「就業服務法第四十六條條文修正草案」案。  四 委員涂權吉等17人擬具「就業服務法部分條文修正草案」案。  五 委員黃建賓等20人擬具「就業服務法第四十六條條文修正草案」案。  六 委員呂玉玲等16人擬具「就業服務法第四十六條及第五十五條條文修正草案」案。  七 委員盧縣一等17人擬具「就業服務法第四十六條條文修正草案」案。  八 委員鄭正鈐等17人擬具「就業服務法第四十六條條文修正草案」案。  九 委員王育敏等17人擬具「就業服務法第四十六條條文修正草案」案。 二、審查  一 委員張嘉郡等30人擬具「就業服務法第四十六條條文修正草案」案。  二 委員王鴻薇等22人擬具「就業服務法第四十六條條文修正草案」案。  三 委員鄭天財Sra Kacaw等16人擬具「就業服務法第四十六條條文修正草案」案。 三、繼續審查  一 委員許宇甄等22人擬具「老人福利法增訂第二十二條之一條文草案」案。  二 委員馬文君等16人擬具「老人福利法第二十五條條文修正草案」案。  三 委員張嘉郡等20人擬具「老人福利法第二十二條條文修正草案」案。  四 國民黨黨團擬具「老人福利法第二十二條條文修正草案」案。  五 委員黃健豪等17人擬具「老人福利法第二十二條條文修正草案」案。  六 委員王育敏等19人擬具「老人福利法第二十二條條文修正草案」案。  七 台灣民眾黨黨團擬具「老人福利法第二十二條及第二十五條條文修正草案」案。 【二 一 及 二 ，如經復議，則不予審查；二 三 ，如未經各黨團簽署不復議同意書，則不予審查】 【本次會議逐條討論】,https://ivod.ly.gov.tw/Play/Full/300K/16004,1101,
11,1,2024-06-13,09:00,朝野黨團協商,立法院黨團協商,研商有關行政院針對本院三讀通過修正「立法院職權行使法」部分條文及增訂「中華民國刑法」第５章之１章名及第141條之1條文等案，移請本院覆議案相關事宜（國民黨黨團提議）,https://ivod.ly.gov.tw/Play/Full/300K/16011,1101,
11,1,2024-06-13,09:00,交通委員會,立法院第11屆第1會期交通委員會第16次全體委員會議,邀請交通部部長李孟諺列席報告業務概況，並備質詢。,https://ivod.ly.gov.tw/Play/Full/300K/16007,1101,
11,1,2024-06-13,09:00,司法及法制委員會,立法院第11屆第1會期司法及法制、內政委員會第1次聯席會議,併案審查 （一）委員蘇清泉等27人擬具「警察人員人事條例修正第三十五條條文及增訂附表三草案」案。 （二）委員萬美玲等19人擬具「警察人員人事條例第三十五條條文修正草案」案。 （三）委員謝龍介等19人擬具「警察人員人事條例第三十五條條文修正草案」案。 （四）委員王鴻薇等29人擬具「警察人員人事條例第三十五條條文修正草案」案。 （五）委員丁學忠等17人擬具「警察人員人事條例第三十五條條文修正草案」案。 （六）委員顏寬恒等20人擬具「警察人員人事條例第三十五條條文修正草案」案。 （七）委員鄭天財Sra Kacaw等18人擬具「警察人員人事條例部分條文修正草案」案。 （八）委員林思銘等23人擬具「警察人員人事條例第三十五條條文修正草案」案。 （九）委員伍麗華Saidhai‧Tahovecahe等16人擬具「警察人員人事條例第三十五條及第三十六條條文修正草案」案。 （十）委員王鴻薇等18人擬具「警察人員人事條例第三十五條條文修正草案」案。 （十一）委員游顥等38人擬具「警察人員人事條例第三十五條條文修正草案」案。 （十二）委員張智倫等17人擬具「警察人員人事條例第三十五條條文修正草案」案。 【第（六）至（十）案如經院會復議，則不予審查；第（十一）及（十二）案各黨團若未提出不復議同意書，則不予審查】,https://ivod.ly.gov.tw/Play/Full/300K/16010,1101,
11,1,2024-06-13,09:00,經濟委員會,立法院第11屆第1會期經濟委員會第16次全體委員會議,審查： 一、本院委員陳素月等17人擬具「植物診療師法草案」案。 二、本院委員邱議瑩等17人擬具「植物診療師法草案」案。 三、本院委員楊瓊瓔等24人擬具「植物診療師法草案」案。  委員楊瓊瓔等人提案如未接獲議事處來函則不予審查 【6月12日及13日兩天一次會】,https://ivod.ly.gov.tw/Play/Full/300K/16006,1101,
11,1,2024-06-13,09:00,內政委員會,立法院第11屆第1會期內政委員會第24次全體委員會議,一、邀請原住民族委員會、內政部、文化部、客家委員會就「都會區原住民族、客家族群、新住民權益保障措施與精進方案」進行專題報告，並備質詢。二、邀請原住民族委員會、財團法人原住民族文化事業基金會、財團法人原住民族語言研究發展基金會就「賴清德總統原住民族政見推動規劃」進行專題報告，並備質詢。三、邀請行政院、原住民族委員會、行政院主計總處、財政部就「114年度原住民族委員會預算籌編情形」進行專題報告，並備質詢。,https://ivod.ly.gov.tw/Play/Full/300K/16008,1101,
11,1,2024-06-13,09:00,教育及文化委員會,立法院第11屆第1會期教育及文化委員會第16次全體委員會議,邀請教育部政務次長葉丙成列席就「少子化趨勢下高教應如何經營、創新及提升競爭力」進行專題報告，並備質詢。【6月12日及13日二天一次會】,https://ivod.ly.gov.tw/Play/Full/300K/16005,1101,
11,1,2024-06-13,09:00,外交及國防委員會,立法院第11屆第1會期外交及國防委員會第27次全體委員會議,一、邀請國軍退除役官兵輔導委員會主任委員嚴德發報告「退輔會職訓機構如何提升退除役官兵專業職能及媒合就業之具體作法」，並備質詢。二、審查本院委員翁曉玲等18人擬具「國軍退除役官兵輔導條例增訂第二十七條之二條文草案」案。,https://ivod.ly.gov.tw/Play/Full/300K/16009,1101,
11,1,2024-06-13,10:30,朝野黨團協商(財政委員會),立法院朝野黨團協商,一、國民黨黨團擬具「證券交易法第十四條條文修正草案」案 二、台灣民眾黨黨團擬具「證券交易法第十四條條文修正草案」案,https://ivod.ly.gov.tw/Play/Full/300K/16013,1101,
11,1,2024-06-14,09:00,院會,第11屆第1會期第18次會議,一、對行政院院長報告施政方針繼續質詢。 二、6月14日上午9時至10時為國是論壇時間。 三、6月18日下午1時50分至2時30分為處理臨時提案時間。,https://ivod.ly.gov.tw/Play/Full/300K/16014,1101,
11,1,2024-06-14,13:00,朝野黨團協商(司法及法制委員會),立法院朝野黨團協商, 一 本院司法及法制、交通兩委員會報告併案審查委員傅崐萁等33人擬具「國家通訊傳播委員會組織法第四條條文修正草案」、委員傅崐萁等41人擬具「國家通訊傳播委員會組織法第四條、第八條及第十條條文修正草案」、委員洪孟楷等25人擬具「國家通訊傳播委員會組織法第四條及第十條條文修正草案」及委員翁曉玲等18人擬具「國家通訊傳播委員會組織法第四條條文修正草案」案。  二 本院委員賴士葆等24人擬具「國家通訊傳播委員會組織法第四條及第七條條文修正草案」，請審議案。  三 本院委員李彥秀等23人擬具「國家通訊傳播委員會組織法第四條及第五條條文修正草案」，請審議案。,https://ivod.ly.gov.tw/Play/Full/300K/16015,1101,
