term,sessionPeriod,sessionTimes,meetingTimes,sessionType,docUrl,
08,01,01,null,02,https://ppg.ly.gov.tw/ppg/download/agendarec1/02/word/08/01/01/LCEWC03_080101.doc,
08,01,01,01,03,https://ppg.ly.gov.tw/ppg/download/agendarec1/03/word/08/01/01/LCEWC03_080101.doc,
08,01,01,null,04,https://ppg.ly.gov.tw/ppg/download/agendarec1/04/word/08/01/01/LCEWC03_080101.doc,
08,01,02,null,02,https://ppg.ly.gov.tw/ppg/download/agendarec1/04/word/08/01/02/LCEWC03_080102.doc,
08,01,02,null,04,https://ppg.ly.gov.tw/ppg/download/agendarec1/04/word/08/01/02/LCEWC03_080102.doc,
08,01,03,null,02,https://ppg.ly.gov.tw/ppg/download/agendarec1/02/word/08/01/03/LCEWC03_080103.doc,
08,01,04,null,02,https://ppg.ly.gov.tw/ppg/download/agendarec1/02/word/08/01/04/LCEWC03_080104.doc,
08,01,05,null,02,https://ppg.ly.gov.tw/ppg/download/agendarec1/02/word/08/01/05/LCEWC03_080105.doc,
08,01,06,null,02,https://ppg.ly.gov.tw/ppg/download/agendarec1/02/word/08/01/06/LCEWC03_080106.doc,
08,01,07,null,02,https://ppg.ly.gov.tw/ppg/download/agendarec1/02/word/08/01/07/LCEWC03_080107.doc,
08,01,08,null,02,https://ppg.ly.gov.tw/ppg/download/agendarec1/02/word/08/01/08/LCEWC03_080108.doc,
08,01,09,null,02,https://ppg.ly.gov.tw/ppg/download/agendarec1/02/word/08/01/09/LCEWC03_080109.doc,
08,01,10,null,02,https://ppg.ly.gov.tw/ppg/download/agendarec1/02/word/08/01/10/LCEWC03_080110.doc,
08,01,11,null,02,https://ppg.ly.gov.tw/ppg/download/agendarec1/02/word/08/01/11/LCEWC03_080111.doc,
08,01,12,null,02,https://ppg.ly.gov.tw/ppg/download/agendarec1/02/word/08/01/12/LCEWC03_080112.doc,
08,01,13,null,02,https://ppg.ly.gov.tw/ppg/download/agendarec1/02/word/08/01/13/LCEWC03_080113.doc,
08,01,14,null,02,https://ppg.ly.gov.tw/ppg/download/agendarec1/02/word/08/01/14/LCEWC03_080114.doc,
08,01,15,null,02,https://ppg.ly.gov.tw/ppg/download/agendarec1/02/word/08/01/15/LCEWC03_080115.doc,
08,02,01,null,02,https://ppg.ly.gov.tw/ppg/download/agendarec1/02/word/08/02/01/LCEWC03_080201.doc,
08,02,02,null,02,https://ppg.ly.gov.tw/ppg/download/agendarec1/02/word/08/02/02/LCEWC03_080202.doc,
08,02,03,null,02,https://ppg.ly.gov.tw/ppg/download/agendarec1/02/word/08/02/03/LCEWC03_080203.doc,
08,02,04,null,02,https://ppg.ly.gov.tw/ppg/download/agendarec1/02/word/08/02/04/LCEWC03_080204.doc,
08,02,05,null,02,https://ppg.ly.gov.tw/ppg/download/agendarec1/02/word/08/02/05/LCEWC03_080205.doc,
08,02,06,null,02,https://ppg.ly.gov.tw/ppg/download/agendarec1/02/word/08/02/06/LCEWC03_080206.doc,
08,02,07,null,02,https://ppg.ly.gov.tw/ppg/download/agendarec1/02/word/08/02/07/LCEWC03_080207.doc,
08,02,08,null,02,https://ppg.ly.gov.tw/ppg/download/agendarec1/02/word/08/02/08/LCEWC03_080208.doc,
08,02,09,null,02,https://ppg.ly.gov.tw/ppg/download/agendarec1/02/word/08/02/09/LCEWC03_080209.doc,
08,02,10,null,02,https://ppg.ly.gov.tw/ppg/download/agendarec1/02/word/08/02/10/LCEWC03_080210.doc,
08,02,11,null,02,https://ppg.ly.gov.tw/ppg/download/agendarec1/02/word/08/02/11/LCEWC03_080211.doc,
08,02,12,null,02,https://ppg.ly.gov.tw/ppg/download/agendarec1/02/word/08/02/12/LCEWC03_080212.doc,
08,02,13,null,02,https://ppg.ly.gov.tw/ppg/download/agendarec1/02/word/08/02/13/LCEWC03_080213.doc,
08,02,14,null,02,https://ppg.ly.gov.tw/ppg/download/agendarec1/02/word/08/02/14/LCEWC03_080214.doc,
08,02,15,null,02,https://ppg.ly.gov.tw/ppg/download/agendarec1/02/word/08/02/15/LCEWC03_080215.doc,
08,02,16,null,02,https://ppg.ly.gov.tw/ppg/download/agendarec1/02/word/08/02/16/LCEWC03_080216.doc,
08,02,17,null,02,https://ppg.ly.gov.tw/ppg/download/agendarec1/02/word/08/02/17/LCEWC03_080217.doc,
08,03,01,null,01,https://ppg.ly.gov.tw/ppg/download/agendarec1/01/word/08/03/01/LCEWC03_080301.doc,
08,03,01,null,02,https://ppg.ly.gov.tw/ppg/download/agendarec1/02/word/08/03/01/LCEWC03_080301.doc,
08,03,01,01,03,https://ppg.ly.gov.tw/ppg/download/agendarec1/03/word/08/03/01/01/LCEWC03_080301.doc,
08,03,01,02,03,https://ppg.ly.gov.tw/ppg/download/agendarec1/03/word/08/03/01/02/LCEWC03_08030102.doc,
08,03,01,null,04,https://ppg.ly.gov.tw/ppg/download/agendarec1/04/word/08/03/01/LCEWC03_080301.doc,
08,03,02,null,02,https://ppg.ly.gov.tw/ppg/download/agendarec1/02/word/08/03/02/LCEWC03_080302.doc,
08,03,02,01,03,https://ppg.ly.gov.tw/ppg/download/agendarec1/03/word/08/03/02/01/LCEWC03_08030201.doc,
08,03,02,null,04,https://ppg.ly.gov.tw/ppg/download/agendarec1/04/word/08/03/02/LCEWC03_080302.doc,
08,03,03,null,02,https://ppg.ly.gov.tw/ppg/download/agendarec1/02/word/08/03/03/LCEWC03_080303.doc,
08,03,04,null,02,https://ppg.ly.gov.tw/ppg/download/agendarec1/02/word/08/03/04/LCEWC03_080304.doc,
08,03,05,null,02,https://ppg.ly.gov.tw/ppg/download/agendarec1/02/word/08/03/05/LCEWC03_080305.doc,
08,03,06,null,02,https://ppg.ly.gov.tw/ppg/download/agendarec1/02/word/08/03/06/LCEWC03_080306.doc,
08,03,07,null,02,https://ppg.ly.gov.tw/ppg/download/agendarec1/02/word/08/03/07/LCEWC03_080307.doc,
08,03,08,null,02,https://ppg.ly.gov.tw/ppg/download/agendarec1/02/word/08/03/08/LCEWC03_080308.doc,
08,03,09,null,02,https://ppg.ly.gov.tw/ppg/download/agendarec1/02/word/08/03/09/LCEWC03_080309.doc,
08,03,10,null,02,https://ppg.ly.gov.tw/ppg/download/agendarec1/02/word/08/03/10/LCEWC03_080310.doc,
08,03,11,null,02,https://ppg.ly.gov.tw/ppg/download/agendarec1/02/word/08/03/11/LCEWC03_080311.doc,
08,03,12,null,02,https://ppg.ly.gov.tw/ppg/download/agendarec1/02/word/08/03/12/LCEWC03_080312.doc,
08,03,13,null,02,https://ppg.ly.gov.tw/ppg/download/agendarec1/02/word/08/03/13/LCEWC03_080313.doc,
08,03,14,null,02,https://ppg.ly.gov.tw/ppg/download/agendarec1/02/word/08/03/14/LCEWC03_080314.doc,
08,03,15,null,02,https://ppg.ly.gov.tw/ppg/download/agendarec1/02/word/08/03/15/LCEWC03_080315.doc,
08,04,01,null,01,https://ppg.ly.gov.tw/ppg/download/agendarec1/01/word/08/04/01/LCEWC03_080401.doc,
08,04,01,null,02,https://ppg.ly.gov.tw/ppg/download/agendarec1/02/word/08/04/01/LCEWC03_080401.doc,
08,04,01,01,03,https://ppg.ly.gov.tw/ppg/download/agendarec1/03/word/08/04/01/01/LCEWC03_08040101.doc,
08,04,01,null,04,https://ppg.ly.gov.tw/ppg/download/agendarec1/04/word/08/04/01/LCEWC03_080401.doc,
08,04,01,01,05,https://ppg.ly.gov.tw/ppg/download/agendarec1/05/word/08/04/01/01/LCEWC03_08040101.doc,
08,04,02,null,01,https://ppg.ly.gov.tw/ppg/download/agendarec1/01/word/08/04/02/LCEWC03_080402.doc,
08,04,02,null,02,https://ppg.ly.gov.tw/ppg/download/agendarec1/02/word/08/04/02/LCEWC03_080402.doc,
08,04,03,null,02,https://ppg.ly.gov.tw/ppg/download/agendarec1/02/word/08/04/03/LCEWC03_080403.doc,
08,04,04,null,02,https://ppg.ly.gov.tw/ppg/download/agendarec1/02/word/08/04/04/LCEWC03_080404.doc,
08,04,05,null,02,https://ppg.ly.gov.tw/ppg/download/agendarec1/02/word/08/04/05/LCEWC03_080405.doc,
08,04,06,null,02,https://ppg.ly.gov.tw/ppg/download/agendarec1/02/word/08/04/06/LCEWC03_080406.doc,
08,04,07,null,02,https://ppg.ly.gov.tw/ppg/download/agendarec1/02/word/08/04/07/LCEWC03_080407.doc,
08,04,08,null,02,https://ppg.ly.gov.tw/ppg/download/agendarec1/02/word/08/04/08/LCEWC03_080408.doc,
08,04,09,null,02,https://ppg.ly.gov.tw/ppg/download/agendarec1/02/word/08/04/09/LCEWC03_080409.doc,
08,04,10,null,02,https://ppg.ly.gov.tw/ppg/download/agendarec1/02/word/08/04/10/LCEWC03_080410.doc,
08,04,11,null,02,https://ppg.ly.gov.tw/ppg/download/agendarec1/02/word/08/04/11/LCEWC03_080411.doc,
08,04,12,null,02,https://ppg.ly.gov.tw/ppg/download/agendarec1/02/word/08/04/12/LCEWC03_080412.doc,
08,04,13,null,02,https://ppg.ly.gov.tw/ppg/download/agendarec1/02/word/08/04/13/LCEWC03_080413.doc,
08,04,14,null,02,https://ppg.ly.gov.tw/ppg/download/agendarec1/02/word/08/04/14/LCEWC03_080414.doc,
08,04,15,null,02,https://ppg.ly.gov.tw/ppg/download/agendarec1/02/word/08/04/15/LCEWC03_080415.doc,
08,04,16,null,02,https://ppg.ly.gov.tw/ppg/download/agendarec1/02/word/08/04/16/LCEWC03_080416.doc,
08,04,17,null,02,https://ppg.ly.gov.tw/ppg/download/agendarec1/02/word/08/04/17/LCEWC03_080417.doc,
08,04,18,null,02,https://ppg.ly.gov.tw/ppg/download/agendarec1/02/word/08/04/18/LCEWC03_080418.doc,
08,05,01,null,02,https://ppg.ly.gov.tw/ppg/download/agendarec1/02/word/08/05/01/LCEWC03_080501.doc,
08,05,01,01,03,https://ppg.ly.gov.tw/ppg/download/agendarec1/03/word/08/05/01/01/LCEWC03_08050101.doc,
08,05,01,02,03,https://ppg.ly.gov.tw/ppg/download/agendarec1/03/word/08/05/01/02/LCEWC03_08050102.doc,
08,05,01,03,03,https://ppg.ly.gov.tw/ppg/download/agendarec1/03/word/08/05/01/03/LCEWC03_08050103.doc,
08,05,01,04,03,https://ppg.ly.gov.tw/ppg/download/agendarec1/03/word/08/05/01/04/LCEWC03_08050104.doc,
08,05,01,05,03,https://ppg.ly.gov.tw/ppg/download/agendarec1/03/word/08/05/01/05/LCEWC03_08050105.doc,
08,05,01,null,04,https://ppg.ly.gov.tw/ppg/download/agendarec1/04/word/08/05/01/LCEWC03_080501.doc,
08,05,01,01,05,https://ppg.ly.gov.tw/ppg/download/agendarec1/05/word/08/05/01/01/LCEWC03_08050101.doc,
08,05,01,02,05,https://ppg.ly.gov.tw/ppg/download/agendarec1/05/word/08/05/01/02/LCEWC03_08050102.doc,
08,05,02,null,02,https://ppg.ly.gov.tw/ppg/download/agendarec1/02/word/08/05/02/LCEWC03_080502.doc,
08,05,02,01,03,https://ppg.ly.gov.tw/ppg/download/agendarec1/03/word/08/05/02/01/LCEWC03_08050201.doc,
08,05,02,02,03,https://ppg.ly.gov.tw/ppg/download/agendarec1/03/word/08/05/02/02/LCEWC03_08050202.doc,
08,05,02,03,03,https://ppg.ly.gov.tw/ppg/download/agendarec1/03/word/08/05/02/03/LCEWC03_08050203.doc,
08,05,02,null,04,https://ppg.ly.gov.tw/ppg/download/agendarec1/04/word/08/05/02/LCEWC03_080502.doc,
08,05,03,null,02,https://ppg.ly.gov.tw/ppg/download/agendarec1/02/word/08/05/03/LCEWC03_080503.doc,
08,05,04,null,02,https://ppg.ly.gov.tw/ppg/download/agendarec1/02/word/08/05/04/LCEWC03_080504.doc,
08,05,05,null,02,https://ppg.ly.gov.tw/ppg/download/agendarec1/02/word/08/05/05/LCEWC03_080505.doc,
08,05,06,null,02,https://ppg.ly.gov.tw/ppg/download/agendarec1/02/word/08/05/06/LCEWC03_080506.doc,
08,05,07,null,02,https://ppg.ly.gov.tw/ppg/download/agendarec1/02/word/08/05/07/LCEWC03_080507.doc,
08,05,08,null,02,https://ppg.ly.gov.tw/ppg/download/agendarec1/02/word/08/05/08/LCEWC03_080508.doc,
08,05,09,null,02,https://ppg.ly.gov.tw/ppg/download/agendarec1/02/word/08/05/09/LCEWC03_080509.doc,
08,05,10,null,02,https://ppg.ly.gov.tw/ppg/download/agendarec1/02/word/08/05/10/LCEWC03_080510.doc,
08,05,11,null,02,https://ppg.ly.gov.tw/ppg/download/agendarec1/02/word/08/05/11/LCEWC03_080511.doc,
08,05,12,null,02,https://ppg.ly.gov.tw/ppg/download/agendarec1/02/word/08/05/12/LCEWC03_080512.doc,
08,06,01,null,02,https://ppg.ly.gov.tw/ppg/download/agendarec1/02/word/08/06/01/LCEWC03_080601.doc,
08,06,02,null,02,https://ppg.ly.gov.tw/ppg/download/agendarec1/02/word/08/06/02/LCEWC03_080602.doc,
08,06,03,null,02,https://ppg.ly.gov.tw/ppg/download/agendarec1/02/word/08/06/03/LCEWC03_080603.doc,
08,06,04,null,02,https://ppg.ly.gov.tw/ppg/download/agendarec1/02/word/08/06/04/LCEWC03_080604.doc,
08,06,05,null,02,https://ppg.ly.gov.tw/ppg/download/agendarec1/02/word/08/06/05/LCEWC03_080605.doc,
08,06,06,null,02,https://ppg.ly.gov.tw/ppg/download/agendarec1/02/word/08/06/06/LCEWC03_080606.doc,
08,06,07,null,02,https://ppg.ly.gov.tw/ppg/download/agendarec1/02/word/08/06/07/LCEWC03_080607.doc,
08,06,08,null,02,https://ppg.ly.gov.tw/ppg/download/agendarec1/02/word/08/06/08/LCEWC03_080608.doc,
08,06,09,null,02,https://ppg.ly.gov.tw/ppg/download/agendarec1/02/word/08/06/09/LCEWC03_080609.doc,
08,06,10,null,02,https://ppg.ly.gov.tw/ppg/download/agendarec1/02/word/08/06/10/LCEWC03_080610.doc,
08,06,11,null,02,https://ppg.ly.gov.tw/ppg/download/agendarec1/02/word/08/06/11/LCEWC03_080611.doc,
08,06,12,null,02,https://ppg.ly.gov.tw/ppg/download/agendarec1/02/word/08/06/12/LCEWC03_080612.doc,
08,06,13,null,02,https://ppg.ly.gov.tw/ppg/download/agendarec1/02/word/08/06/13/LCEWC03_080613.doc,
08,06,14,null,02,https://ppg.ly.gov.tw/ppg/download/agendarec1/02/word/08/06/14/LCEWC03_080614.doc,
08,06,15,null,02,https://ppg.ly.gov.tw/ppg/download/agendarec1/02/word/08/06/15/LCEWC03_080615.doc,
08,06,16,null,02,https://ppg.ly.gov.tw/ppg/download/agendarec1/02/word/08/06/16/LCEWC03_080616.doc,
08,06,17,null,02,https://ppg.ly.gov.tw/ppg/download/agendarec1/02/word/08/06/17/LCEWC03_080617.doc,
08,06,18,null,02,https://ppg.ly.gov.tw/ppg/download/agendarec1/02/word/08/06/18/LCEWC03_080618.doc,
08,06,19,null,02,https://ppg.ly.gov.tw/ppg/download/agendarec1/02/word/08/06/19/LCEWC03_080619.doc,
08,07,01,null,02,https://ppg.ly.gov.tw/ppg/download/agendarec1/02/word/08/07/01/LCEWC03_080701.doc,
08,07,01,null,04,https://ppg.ly.gov.tw/ppg/download/agendarec1/04/word/08/07/01/LCEWC03_080701.doc,
08,07,02,null,02,https://ppg.ly.gov.tw/ppg/download/agendarec1/02/word/08/07/02/LCEWC03_080702.doc,
08,07,03,null,02,https://ppg.ly.gov.tw/ppg/download/agendarec1/02/word/08/07/03/LCEWC03_080703.doc,
08,07,04,null,02,https://ppg.ly.gov.tw/ppg/download/agendarec1/02/word/08/07/04/LCEWC03_080704.doc,
08,07,05,null,02,https://ppg.ly.gov.tw/ppg/download/agendarec1/02/word/08/07/05/LCEWC03_080705.doc,
08,07,06,null,02,https://ppg.ly.gov.tw/ppg/download/agendarec1/02/word/08/07/06/LCEWC03_080706.doc,
08,07,07,null,02,https://ppg.ly.gov.tw/ppg/download/agendarec1/02/word/08/07/07/LCEWC03_080707.doc,
08,07,08,null,02,https://ppg.ly.gov.tw/ppg/download/agendarec1/02/word/08/07/08/LCEWC03_080708.doc,
08,07,09,null,02,https://ppg.ly.gov.tw/ppg/download/agendarec1/02/word/08/07/09/LCEWC03_080709.doc,
08,07,10,null,02,https://ppg.ly.gov.tw/ppg/download/agendarec1/02/word/08/07/10/LCEWC03_080710.doc,
08,07,11,null,02,https://ppg.ly.gov.tw/ppg/download/agendarec1/02/word/08/07/11/LCEWC03_080711.doc,
08,07,12,null,02,https://ppg.ly.gov.tw/ppg/download/agendarec1/02/word/08/07/12/LCEWC03_080712.doc,
08,07,13,null,02,https://ppg.ly.gov.tw/ppg/download/agendarec1/02/word/08/07/13/LCEWC03_080713.doc,
08,07,14,null,02,https://ppg.ly.gov.tw/ppg/download/agendarec1/02/word/08/07/14/LCEWC03_080714.doc,
08,07,15,null,02,https://ppg.ly.gov.tw/ppg/download/agendarec1/02/word/08/07/15/LCEWC03_080715.doc,
08,07,16,null,02,https://ppg.ly.gov.tw/ppg/download/agendarec1/02/word/08/07/16/LCEWC03_080716.doc,
08,08,01,null,02,https://ppg.ly.gov.tw/ppg/download/agendarec1/02/word/08/08/01/LCEWC03_080801.doc,
08,08,02,null,02,https://ppg.ly.gov.tw/ppg/download/agendarec1/02/word/08/08/02/LCEWC03_080802.doc,
08,08,03,null,02,https://ppg.ly.gov.tw/ppg/download/agendarec1/02/word/08/08/03/LCEWC03_080803.doc,
08,08,04,null,02,https://ppg.ly.gov.tw/ppg/download/agendarec1/02/word/08/08/04/LCEWC03_080804.doc,
08,08,05,null,02,https://ppg.ly.gov.tw/ppg/download/agendarec1/02/word/08/08/05/LCEWC03_080805.doc,
08,08,06,null,02,https://ppg.ly.gov.tw/ppg/download/agendarec1/02/word/08/08/06/LCEWC03_080806.doc,
08,08,07,null,02,https://ppg.ly.gov.tw/ppg/download/agendarec1/02/word/08/08/07/LCEWC03_080807.doc,
08,08,08,null,02,https://ppg.ly.gov.tw/ppg/download/agendarec1/02/word/08/08/08/LCEWC03_080808.doc,
08,08,09,null,02,https://ppg.ly.gov.tw/ppg/download/agendarec1/02/word/08/08/09/LCEWC03_080809.doc,
08,08,10,null,02,https://ppg.ly.gov.tw/ppg/download/agendarec1/02/word/08/08/10/LCEWC03_080810.doc,
08,08,11,null,02,https://ppg.ly.gov.tw/ppg/download/agendarec1/02/word/08/08/11/LCEWC03_080811.doc,
08,08,12,null,02,https://ppg.ly.gov.tw/ppg/download/agendarec1/02/word/08/08/12/LCEWC03_080812.doc,
08,08,13,null,02,https://ppg.ly.gov.tw/ppg/download/agendarec1/02/word/08/08/13/LCEWC03_080813.doc,
08,08,14,null,02,https://ppg.ly.gov.tw/ppg/download/agendarec1/02/word/08/08/14/LCEWC03_080814.doc,
09,01,01,null,02,https://ppg.ly.gov.tw/ppg/download/agendarec1/02/word/09/01/01/LCEWC03_090101.doc,
09,01,01,01,03,https://ppg.ly.gov.tw/ppg/download/agendarec1/03/word/09/01/01/01/LCEWC03_09010101.doc,
09,01,01,null,04,https://ppg.ly.gov.tw/ppg/download/agendarec1/04/word/09/01/01/LCEWC03_090101.doc,
09,01,02,null,02,https://ppg.ly.gov.tw/ppg/download/agendarec1/02/word/09/01/02/LCEWC03_090102.doc,
09,01,03,null,02,https://ppg.ly.gov.tw/ppg/download/agendarec1/02/word/09/01/03/LCEWC03_090103.doc,
09,01,04,null,02,https://ppg.ly.gov.tw/ppg/download/agendarec1/02/word/09/01/04/LCEWC03_090104.doc,
09,01,05,null,02,https://ppg.ly.gov.tw/ppg/download/agendarec1/02/word/09/01/05/LCEWC03_090105.doc,
09,01,06,null,02,https://ppg.ly.gov.tw/ppg/download/agendarec1/02/word/09/01/06/LCEWC03_090106.doc,
09,01,07,null,02,https://ppg.ly.gov.tw/ppg/download/agendarec1/02/word/09/01/07/LCEWC03_090107.doc,
09,01,08,null,02,https://ppg.ly.gov.tw/ppg/download/agendarec1/02/word/09/01/08/LCEWC03_090108.doc,
09,01,09,null,02,https://ppg.ly.gov.tw/ppg/download/agendarec1/02/word/09/01/09/LCEWC03_090109.doc,
09,01,10,null,02,https://ppg.ly.gov.tw/ppg/download/agendarec1/02/word/09/01/10/LCEWC03_090110.doc,
09,01,11,null,02,https://ppg.ly.gov.tw/ppg/download/agendarec1/02/word/09/01/11/LCEWC03_090111.doc,
09,01,12,null,02,https://ppg.ly.gov.tw/ppg/download/agendarec1/02/word/09/01/12/LCEWC03_090112.doc,
09,01,13,null,02,https://ppg.ly.gov.tw/ppg/download/agendarec1/02/word/09/01/13/LCEWC03_090113.doc,
09,01,14,null,02,https://ppg.ly.gov.tw/ppg/download/agendarec1/02/word/09/01/14/LCEWC03_090114.doc,
09,01,15,null,02,https://ppg.ly.gov.tw/ppg/download/agendarec1/02/word/09/01/15/LCEWC03_090115.doc,
09,01,16,null,02,https://ppg.ly.gov.tw/ppg/download/agendarec1/02/word/09/01/16/LCEWC03_090116.doc,
09,01,17,null,02,https://ppg.ly.gov.tw/ppg/download/agendarec1/02/word/09/01/17/LCEWC03_090117.doc,
09,01,18,null,02,https://ppg.ly.gov.tw/ppg/download/agendarec1/02/word/09/01/18/LCEWC03_090118.doc,
09,01,19,null,02,https://ppg.ly.gov.tw/ppg/download/agendarec1/02/word/09/01/19/LCEWC03_090119.doc,
09,01,20,null,02,https://ppg.ly.gov.tw/ppg/download/agendarec1/02/word/09/01/20/LCEWC03_090120.doc,
09,01,21,null,02,https://ppg.ly.gov.tw/ppg/download/agendarec1/02/word/09/01/21/LCEWC03_090121.doc,
09,02,00,null,04,https://ppg.ly.gov.tw/ppg/download/agendarec1/04/word/09/02/00/LCEWC03_090200.doc,
09,02,01,null,02,https://ppg.ly.gov.tw/ppg/download/agendarec1/02/word/09/02/01/LCEWC03_090201.doc,
09,02,01,01,03,https://ppg.ly.gov.tw/ppg/download/agendarec1/03/word/09/02/01/01/LCEWC03_09020101.doc,
09,02,01,02,03,https://ppg.ly.gov.tw/ppg/download/agendarec1/03/word/09/02/01/02/LCEWC03_09020102.doc,
09,02,01,01,05,https://ppg.ly.gov.tw/ppg/download/agendarec1/05/word/09/02/01/01/LCEWC03_09020101.doc,
09,02,02,null,02,https://ppg.ly.gov.tw/ppg/download/agendarec1/02/word/09/02/02/LCEWC03_090202.doc,
09,02,03,null,02,https://ppg.ly.gov.tw/ppg/download/agendarec1/02/word/09/02/03/LCEWC03_090203.doc,
09,02,04,null,02,https://ppg.ly.gov.tw/ppg/download/agendarec1/02/word/09/02/04/LCEWC03_090204.doc,
09,02,05,null,02,https://ppg.ly.gov.tw/ppg/download/agendarec1/02/word/09/02/05/LCEWC03_090205.doc,
09,02,06,null,02,https://ppg.ly.gov.tw/ppg/download/agendarec1/02/word/09/02/06/LCEWC03_090206.doc,
09,02,07,null,02,https://ppg.ly.gov.tw/ppg/download/agendarec1/02/word/09/02/07/LCEWC03_090207.doc,
09,02,08,null,02,https://ppg.ly.gov.tw/ppg/download/agendarec1/02/word/09/02/08/LCEWC03_090208.doc,
09,02,09,null,02,https://ppg.ly.gov.tw/ppg/download/agendarec1/02/word/09/02/09/LCEWC03_090209.doc,
09,02,10,null,02,https://ppg.ly.gov.tw/ppg/download/agendarec1/02/word/09/02/10/LCEWC03_090210.doc,
09,02,11,null,02,https://ppg.ly.gov.tw/ppg/download/agendarec1/02/word/09/02/11/LCEWC03_090211.doc,
09,02,12,null,02,https://ppg.ly.gov.tw/ppg/download/agendarec1/02/word/09/02/12/LCEWC03_090212.doc,
09,02,13,null,02,https://ppg.ly.gov.tw/ppg/download/agendarec1/02/word/09/02/13/LCEWC03_090213.doc,
09,02,14,null,02,https://ppg.ly.gov.tw/ppg/download/agendarec1/02/word/09/02/14/LCEWC03_090214.doc,
09,02,15,null,02,https://ppg.ly.gov.tw/ppg/download/agendarec1/02/word/09/02/15/LCEWC03_090215.doc,
09,02,16,null,02,https://ppg.ly.gov.tw/ppg/download/agendarec1/02/word/09/02/16/LCEWC03_090216.doc,
09,02,17,null,02,https://ppg.ly.gov.tw/ppg/download/agendarec1/02/word/09/02/17/LCEWC03_090217.doc,
09,03,01,null,01,https://ppg.ly.gov.tw/ppg/download/agendarec1/01/word/09/03/01/LCEWC03_090301.doc,
09,03,01,null,02,https://ppg.ly.gov.tw/ppg/download/agendarec1/02/word/09/03/01/LCEWC03_090301.doc,
09,03,01,01,03,https://ppg.ly.gov.tw/ppg/download/agendarec1/03/word/09/03/01/01/LCEWC03_09030101.doc,
09,03,01,02,03,https://ppg.ly.gov.tw/ppg/download/agendarec1/03/word/09/03/01/02/LCEWC03_09030102.doc,
09,03,01,03,03,https://ppg.ly.gov.tw/ppg/download/agendarec1/03/word/09/03/01/03/LCEWC03_09030103.doc,
09,03,01,04,03,https://ppg.ly.gov.tw/ppg/download/agendarec1/03/word/09/03/01/04/LCEWC03_09030104.doc,
09,03,01,null,04,https://ppg.ly.gov.tw/ppg/download/agendarec1/04/word/09/03/01/LCEWC03_090301.doc,
09,03,02,null,02,https://ppg.ly.gov.tw/ppg/download/agendarec1/02/word/09/03/02/LCEWC03_090302.doc,
09,03,02,01,03,https://ppg.ly.gov.tw/ppg/download/agendarec1/03/word/09/03/02/01/LCEWC03_09030201.doc,
09,03,02,02,03,https://ppg.ly.gov.tw/ppg/download/agendarec1/03/word/09/03/02/02/LCEWC03_09030202.doc,
09,03,02,null,04,https://ppg.ly.gov.tw/ppg/download/agendarec1/04/word/09/03/02/LCEWC03_090302.doc,
09,03,03,null,02,https://ppg.ly.gov.tw/ppg/download/agendarec1/02/word/09/03/03/LCEWC03_090303.doc,
09,03,03,01,03,https://ppg.ly.gov.tw/ppg/download/agendarec1/03/word/09/03/03/01/LCEWC03_09030301.doc,
09,03,03,02,03,https://ppg.ly.gov.tw/ppg/download/agendarec1/03/word/09/03/03/02/LCEWC03_09030302.doc,
09,03,03,null,04,https://ppg.ly.gov.tw/ppg/download/agendarec1/04/word/09/03/03/LCEWC03_090303.doc,
09,03,04,null,02,https://ppg.ly.gov.tw/ppg/download/agendarec1/02/word/09/03/04/LCEWC03_090304.doc,
09,03,05,null,02,https://ppg.ly.gov.tw/ppg/download/agendarec1/02/word/09/03/05/LCEWC03_090305.doc,
09,03,06,null,02,https://ppg.ly.gov.tw/ppg/download/agendarec1/02/word/09/03/06/LCEWC03_090306.doc,
09,03,07,null,02,https://ppg.ly.gov.tw/ppg/download/agendarec1/02/word/09/03/07/LCEWC03_090307.doc,
09,03,08,null,02,https://ppg.ly.gov.tw/ppg/download/agendarec1/02/word/09/03/08/LCEWC03_090308.doc,
09,03,09,null,02,https://ppg.ly.gov.tw/ppg/download/agendarec1/02/word/09/03/09/LCEWC03_090309.doc,
09,03,10,null,02,https://ppg.ly.gov.tw/ppg/download/agendarec1/02/word/09/03/10/LCEWC03_090310.doc,
09,03,11,null,02,https://ppg.ly.gov.tw/ppg/download/agendarec1/02/word/09/03/11/LCEWC03_090311.doc,
09,03,12,null,02,https://ppg.ly.gov.tw/ppg/download/agendarec1/02/word/09/03/12/LCEWC03_090312.doc,
09,03,13,null,02,https://ppg.ly.gov.tw/ppg/download/agendarec1/02/word/09/03/13/LCEWC03_090313.doc,
09,03,14,null,02,https://ppg.ly.gov.tw/ppg/download/agendarec1/02/word/09/03/14/LCEWC03_090314.doc,
09,03,15,null,02,https://ppg.ly.gov.tw/ppg/download/agendarec1/02/word/09/03/15/LCEWC03_090315.doc,
09,04,01,null,02,https://ppg.ly.gov.tw/ppg/download/agendarec1/02/word/09/04/01/LCEWC03_090401.doc,
09,04,01,01,03,https://ppg.ly.gov.tw/ppg/download/agendarec1/03/word/09/04/01/01/LCEWC03_09040101.doc,
09,04,01,02,03,https://ppg.ly.gov.tw/ppg/download/agendarec1/03/word/09/04/01/02/LCEWC03_09040102.doc,
09,04,01,null,04,https://ppg.ly.gov.tw/ppg/download/agendarec1/04/word/09/04/01/LCEWC03_090401.doc,
09,04,01,01,05,https://ppg.ly.gov.tw/ppg/download/agendarec1/05/word/09/04/01/01/LCEWC03_09040101.doc,
09,04,02,null,02,https://ppg.ly.gov.tw/ppg/download/agendarec1/02/word/09/04/02/LCEWC03_090402.doc,
09,04,03,null,02,https://ppg.ly.gov.tw/ppg/download/agendarec1/02/word/09/04/03/LCEWC03_090403.doc,
09,04,04,null,02,https://ppg.ly.gov.tw/ppg/download/agendarec1/02/word/09/04/04/LCEWC03_090404.doc,
09,04,05,null,02,https://ppg.ly.gov.tw/ppg/download/agendarec1/02/word/09/04/05/LCEWC03_090405.doc,
09,04,06,null,02,https://ppg.ly.gov.tw/ppg/download/agendarec1/02/word/09/04/06/LCEWC03_090406.doc,
09,04,07,null,02,https://ppg.ly.gov.tw/ppg/download/agendarec1/02/word/09/04/07/LCEWC03_090407.doc,
09,04,08,null,02,https://ppg.ly.gov.tw/ppg/download/agendarec1/02/word/09/04/08/LCEWC03_090408.doc,
09,04,09,null,02,https://ppg.ly.gov.tw/ppg/download/agendarec1/02/word/09/04/09/LCEWC03_090409.doc,
09,04,10,null,02,https://ppg.ly.gov.tw/ppg/download/agendarec1/02/word/09/04/10/LCEWC03_090410.doc,
09,04,11,null,02,https://ppg.ly.gov.tw/ppg/download/agendarec1/02/word/09/04/11/LCEWC03_090411.doc,
09,04,12,null,02,https://ppg.ly.gov.tw/ppg/download/agendarec1/02/word/09/04/12/LCEWC03_090412.doc,
09,04,13,null,02,https://ppg.ly.gov.tw/ppg/download/agendarec1/02/word/09/04/13/LCEWC03_090413.doc,
09,04,14,null,02,https://ppg.ly.gov.tw/ppg/download/agendarec1/02/word/09/04/14/LCEWC03_090414.doc,
09,04,15,null,02,https://ppg.ly.gov.tw/ppg/download/agendarec1/02/word/09/04/15/LCEWC03_090415.doc,
09,05,01,null,02,https://ppg.ly.gov.tw/ppg/download/agendarec1/02/word/09/05/01/LCEWC03_090501.doc,
09,05,01,01,03,https://ppg.ly.gov.tw/ppg/download/agendarec1/03/word/09/05/01/01/LCEWC03_09050101.doc,
09,05,01,02,03,https://ppg.ly.gov.tw/ppg/download/agendarec1/03/word/09/05/01/02/LCEWC03_09050102.doc,
09,05,01,03,03,https://ppg.ly.gov.tw/ppg/download/agendarec1/03/word/09/05/01/03/LCEWC03_09050103.doc,
09,05,01,null,04,https://ppg.ly.gov.tw/ppg/download/agendarec1/04/word/09/05/01/LCEWC03_090501.doc,
09,05,02,null,02,https://ppg.ly.gov.tw/ppg/download/agendarec1/02/word/09/05/02/LCEWC03_090502.doc,
09,05,03,null,02,https://ppg.ly.gov.tw/ppg/download/agendarec1/02/word/09/05/03/LCEWC03_090503.doc,
09,05,04,null,02,https://ppg.ly.gov.tw/ppg/download/agendarec1/02/word/09/05/04/LCEWC03_090504.doc,
09,05,05,null,02,https://ppg.ly.gov.tw/ppg/download/agendarec1/02/word/09/05/05/LCEWC03_090505.doc,
09,05,06,null,02,https://ppg.ly.gov.tw/ppg/download/agendarec1/02/word/09/05/06/LCEWC03_090506.doc,
09,05,07,null,02,https://ppg.ly.gov.tw/ppg/download/agendarec1/02/word/09/05/07/LCEWC03_090507.doc,
09,05,08,null,02,https://ppg.ly.gov.tw/ppg/download/agendarec1/02/word/09/05/08/LCEWC03_090508.doc,
09,05,09,null,02,https://ppg.ly.gov.tw/ppg/download/agendarec1/02/word/09/05/09/LCEWC03_090509.doc,
09,05,10,null,02,https://ppg.ly.gov.tw/ppg/download/agendarec1/02/word/09/05/10/LCEWC03_090510.doc,
09,05,11,null,02,https://ppg.ly.gov.tw/ppg/download/agendarec1/02/word/09/05/11/LCEWC03_090511.doc,
09,05,12,null,02,https://ppg.ly.gov.tw/ppg/download/agendarec1/02/word/09/05/12/LCEWC03_090512.doc,
09,05,13,null,02,https://ppg.ly.gov.tw/ppg/download/agendarec1/02/word/09/05/13/LCEWC03_090513.doc,
09,05,14,null,02,https://ppg.ly.gov.tw/ppg/download/agendarec1/02/word/09/05/14/LCEWC03_090514.doc,
09,06,01,null,02,https://ppg.ly.gov.tw/ppg/download/agendarec1/02/word/09/06/01/LCEWC03_090601.doc,
09,06,01,01,03,https://ppg.ly.gov.tw/ppg/download/agendarec1/03/word/09/06/01/01/LCEWC03_09060101.doc,
09,06,01,null,04,https://ppg.ly.gov.tw/ppg/download/agendarec1/04/word/09/06/01/LCEWC03_090601.doc,
09,06,02,null,02,https://ppg.ly.gov.tw/ppg/download/agendarec1/02/word/09/06/02/LCEWC03_090602.doc,
09,06,02,null,04,https://ppg.ly.gov.tw/ppg/download/agendarec1/04/word/09/06/02/LCEWC03_090602.doc,
09,06,03,null,02,https://ppg.ly.gov.tw/ppg/download/agendarec1/02/word/09/06/03/LCEWC03_090603.doc,
09,06,04,null,02,https://ppg.ly.gov.tw/ppg/download/agendarec1/02/word/09/06/04/LCEWC03_090604.doc,
09,06,05,null,02,https://ppg.ly.gov.tw/ppg/download/agendarec1/02/word/09/06/05/LCEWC03_090605.doc,
09,06,06,null,02,https://ppg.ly.gov.tw/ppg/download/agendarec1/02/word/09/06/06/LCEWC03_090606.doc,
09,06,07,null,02,https://ppg.ly.gov.tw/ppg/download/agendarec1/02/word/09/06/07/LCEWC03_090607.doc,
09,06,08,null,02,https://ppg.ly.gov.tw/ppg/download/agendarec1/02/word/09/06/08/LCEWC03_090608.doc,
09,06,09,null,02,https://ppg.ly.gov.tw/ppg/download/agendarec1/02/word/09/06/09/LCEWC03_090609.doc,
09,06,10,null,02,https://ppg.ly.gov.tw/ppg/download/agendarec1/02/word/09/06/10/LCEWC03_090610.doc,
09,06,11,null,02,https://ppg.ly.gov.tw/ppg/download/agendarec1/02/word/09/06/11/LCEWC03_090611.doc,
09,06,12,null,02,https://ppg.ly.gov.tw/ppg/download/agendarec1/02/word/09/06/12/LCEWC03_090612.doc,
09,06,13,null,02,https://ppg.ly.gov.tw/ppg/download/agendarec1/02/word/09/06/13/LCEWC03_090613.doc,
09,06,14,null,02,https://ppg.ly.gov.tw/ppg/download/agendarec1/02/word/09/06/14/LCEWC03_090614.doc,
09,06,15,null,02,https://ppg.ly.gov.tw/ppg/download/agendarec1/02/word/09/06/15/LCEWC03_090615.doc,
09,07,01,null,02,https://ppg.ly.gov.tw/ppg/download/agendarec1/02/word/09/07/01/LCEWC03_090701.doc,
09,07,01,01,03,https://ppg.ly.gov.tw/ppg/download/agendarec1/03/word/09/07/01/01/LCEWC03_09070101.doc,
09,07,01,02,03,https://ppg.ly.gov.tw/ppg/download/agendarec1/03/word/09/07/01/02/LCEWC03_09070102.doc,
09,07,01,03,03,https://ppg.ly.gov.tw/ppg/download/agendarec1/03/word/09/07/01/03/LCEWC03_09070103.doc,
09,07,01,null,04,https://ppg.ly.gov.tw/ppg/download/agendarec1/04/word/09/07/01/LCEWC03_090701.doc,
09,07,01,01,05,https://ppg.ly.gov.tw/ppg/download/agendarec1/05/word/09/07/01/01/LCEWC03_09070101.doc,
09,07,02,null,02,https://ppg.ly.gov.tw/ppg/download/agendarec1/02/word/09/07/02/LCEWC03_090702.doc,
09,07,03,null,02,https://ppg.ly.gov.tw/ppg/download/agendarec1/02/word/09/07/03/LCEWC03_090703.doc,
09,07,04,null,02,https://ppg.ly.gov.tw/ppg/download/agendarec1/02/word/09/07/04/LCEWC03_090704.doc,
09,07,05,null,02,https://ppg.ly.gov.tw/ppg/download/agendarec1/02/word/09/07/05/LCEWC03_090705.doc,
09,07,06,null,02,https://ppg.ly.gov.tw/ppg/download/agendarec1/02/word/09/07/06/LCEWC03_090706.doc,
09,07,07,null,02,https://ppg.ly.gov.tw/ppg/download/agendarec1/02/word/09/07/07/LCEWC03_090707.doc,
09,07,08,null,02,https://ppg.ly.gov.tw/ppg/download/agendarec1/02/word/09/07/08/LCEWC03_090708.doc,
09,07,09,null,02,https://ppg.ly.gov.tw/ppg/download/agendarec1/02/word/09/07/09/LCEWC03_090709.doc,
09,07,10,null,02,https://ppg.ly.gov.tw/ppg/download/agendarec1/02/word/09/07/10/LCEWC03_090710.doc,
09,07,11,null,02,https://ppg.ly.gov.tw/ppg/download/agendarec1/02/word/09/07/11/LCEWC03_090711.doc,
09,07,12,null,02,https://ppg.ly.gov.tw/ppg/download/agendarec1/02/word/09/07/12/LCEWC03_090712.doc,
09,07,13,null,02,https://ppg.ly.gov.tw/ppg/download/agendarec1/02/word/09/07/13/LCEWC03_090713.doc,
09,07,14,null,02,https://ppg.ly.gov.tw/ppg/download/agendarec1/02/word/09/07/14/LCEWC03_090714.doc,
09,07,15,null,02,https://ppg.ly.gov.tw/ppg/download/agendarec1/02/word/09/07/15/LCEWC03_090715.doc,
09,07,16,null,02,https://ppg.ly.gov.tw/ppg/download/agendarec1/02/word/09/07/16/LCEWC03_090716.doc,
09,08,01,null,01,https://ppg.ly.gov.tw/ppg/download/agendarec1/01/word/09/08/01/LCEWC03_090801.doc,
09,08,01,null,02,https://ppg.ly.gov.tw/ppg/download/agendarec1/02/word/09/08/01/LCEWC03_090801.doc,
09,08,01,01,03,https://ppg.ly.gov.tw/ppg/download/agendarec1/03/word/09/08/01/01/LCEWC03_09080101.doc,
09,08,01,null,04,https://ppg.ly.gov.tw/ppg/download/agendarec1/04/word/09/08/01/LCEWC03_090801.doc,
09,08,02,null,02,https://ppg.ly.gov.tw/ppg/download/agendarec1/02/word/09/08/02/LCEWC03_090802.doc,
09,08,03,null,02,https://ppg.ly.gov.tw/ppg/download/agendarec1/02/word/09/08/03/LCEWC03_090803.doc,
09,08,04,null,02,https://ppg.ly.gov.tw/ppg/download/agendarec1/02/word/09/08/04/LCEWC03_090804.doc,
09,08,05,null,02,https://ppg.ly.gov.tw/ppg/download/agendarec1/02/word/09/08/05/LCEWC03_090805.doc,
09,08,06,null,02,https://ppg.ly.gov.tw/ppg/download/agendarec1/02/word/09/08/06/LCEWC03_090806.doc,
09,08,07,null,02,https://ppg.ly.gov.tw/ppg/download/agendarec1/02/word/09/08/07/LCEWC03_090807.doc,
09,08,08,null,02,https://ppg.ly.gov.tw/ppg/download/agendarec1/02/word/09/08/08/LCEWC03_090808.doc,
09,08,09,null,02,https://ppg.ly.gov.tw/ppg/download/agendarec1/02/word/09/08/09/LCEWC03_090809.doc,
09,08,10,null,02,https://ppg.ly.gov.tw/ppg/download/agendarec1/02/word/09/08/10/LCEWC03_090810.doc,
09,08,11,null,02,https://ppg.ly.gov.tw/ppg/download/agendarec1/02/word/09/08/11/LCEWC03_090811.doc,
09,08,12,null,02,https://ppg.ly.gov.tw/ppg/download/agendarec1/02/word/09/08/12/LCEWC03_090812.doc,
09,08,13,null,02,https://ppg.ly.gov.tw/ppg/download/agendarec1/02/word/09/08/13/LCEWC03_090813.doc,
09,08,14,null,02,https://ppg.ly.gov.tw/ppg/download/agendarec1/02/word/09/08/14/LCEWC03_090814.doc,
09,08,15,null,02,https://ppg.ly.gov.tw/ppg/download/agendarec1/02/word/09/08/15/LCEWC03_090815.doc,
10,01,01,null,02,https://ppg.ly.gov.tw/ppg/download/agendarec1/02/word/10/01/01/LCEWC03_100101.doc,
10,01,01,01,03,https://ppg.ly.gov.tw/ppg/download/agendarec1/03/word/10/01/01/01/LCEWC03_10010101.doc,
10,01,01,02,03,https://ppg.ly.gov.tw/ppg/download/agendarec1/03/word/10/01/01/02/LCEWC03_10010102.doc,
10,01,01,03,03,https://ppg.ly.gov.tw/ppg/download/agendarec1/03/word/10/01/01/03/LCEWC03_10010103.doc,
10,01,01,null,04,https://ppg.ly.gov.tw/ppg/download/agendarec1/04/word/10/01/01/LCEWC03_100101.doc,
10,01,01,01,05,https://ppg.ly.gov.tw/ppg/download/agendarec1/05/word/10/01/01/01/LCEWC03_10010101.doc,
10,01,01,null,06,https://ppg.ly.gov.tw/ppg/download/agendarec1/02/word/10/01/LCEWC03_1001.doc,
10,01,02,null,02,https://ppg.ly.gov.tw/ppg/download/agendarec1/02/word/10/01/02/LCEWC03_100102.doc,
10,01,03,null,02,https://ppg.ly.gov.tw/ppg/download/agendarec1/02/word/10/01/03/LCEWC03_100103.doc,
10,01,04,null,02,https://ppg.ly.gov.tw/ppg/download/agendarec1/02/word/10/01/04/LCEWC03_100104.doc,
10,01,05,null,02,https://ppg.ly.gov.tw/ppg/download/agendarec1/02/word/10/01/05/LCEWC03_100105.doc,
10,01,06,null,02,https://ppg.ly.gov.tw/ppg/download/agendarec1/02/word/10/01/06/LCEWC03_100106.doc,
10,01,07,null,02,https://ppg.ly.gov.tw/ppg/download/agendarec1/02/word/10/01/07/LCEWC03_100107.doc,
10,01,08,null,02,https://ppg.ly.gov.tw/ppg/download/agendarec1/02/word/10/01/08/LCEWC03_100108.doc,
10,01,09,null,02,https://ppg.ly.gov.tw/ppg/download/agendarec1/02/word/10/01/09/LCEWC03_100109.doc,
10,01,10,null,02,https://ppg.ly.gov.tw/ppg/download/agendarec1/02/word/10/01/10/LCEWC03_100110.doc,
10,01,11,null,02,https://ppg.ly.gov.tw/ppg/download/agendarec1/02/word/10/01/11/LCEWC03_100111.doc,
10,01,12,null,02,https://ppg.ly.gov.tw/ppg/download/agendarec1/02/word/10/01/12/LCEWC03_100112.doc,
10,01,13,null,02,https://ppg.ly.gov.tw/ppg/download/agendarec1/02/word/10/01/13/LCEWC03_100113.doc,
10,01,14,null,02,https://ppg.ly.gov.tw/ppg/download/agendarec1/02/word/10/01/14/LCEWC03_100114.doc,
10,01,15,null,02,https://ppg.ly.gov.tw/ppg/download/agendarec1/02/word/10/01/15/LCEWC03_100115.doc,
10,02,01,null,02,https://ppg.ly.gov.tw/ppg/download/agendarec1/02/word/10/02/01/LCEWC03_100201.doc,
10,02,01,01,03,https://ppg.ly.gov.tw/ppg/download/agendarec1/03/word/10/02/01/01/LCEWC03_10020101.doc,
10,02,01,02,03,https://ppg.ly.gov.tw/ppg/download/agendarec1/03/word/10/02/01/02/LCEWC03_10020102.doc,
10,02,01,null,04,https://ppg.ly.gov.tw/ppg/download/agendarec1/04/word/10/02/01/LCEWC03_100201.doc,
10,02,02,null,02,https://ppg.ly.gov.tw/ppg/download/agendarec1/02/word/10/02/02/LCEWC03_100202.doc,
10,02,03,null,02,https://ppg.ly.gov.tw/ppg/download/agendarec1/02/word/10/02/03/LCEWC03_100203.doc,
10,02,04,null,02,https://ppg.ly.gov.tw/ppg/download/agendarec1/02/word/10/02/04/LCEWC03_100204.doc,
10,02,05,null,02,https://ppg.ly.gov.tw/ppg/download/agendarec1/02/word/10/02/05/LCEWC03_100205.doc,
10,02,06,null,02,https://ppg.ly.gov.tw/ppg/download/agendarec1/02/word/10/02/06/LCEWC03_100206.doc,
10,02,07,null,02,https://ppg.ly.gov.tw/ppg/download/agendarec1/02/word/10/02/07/LCEWC03_100207.doc,
10,02,08,null,02,https://ppg.ly.gov.tw/ppg/download/agendarec1/02/word/10/02/08/LCEWC03_100208.doc,
10,02,09,null,02,https://ppg.ly.gov.tw/ppg/download/agendarec1/02/word/10/02/09/LCEWC03_100209.doc,
10,02,10,null,02,https://ppg.ly.gov.tw/ppg/download/agendarec1/02/word/10/02/10/LCEWC03_100210.doc,
10,02,11,null,02,https://ppg.ly.gov.tw/ppg/download/agendarec1/02/word/10/02/11/LCEWC03_100211.doc,
10,03,01,null,02,https://ppg.ly.gov.tw/ppg/download/agendarec1/02/word/10/03/01/LCEWC03_100301.doc,
10,03,01,01,03,https://ppg.ly.gov.tw/ppg/download/agendarec1/03/word/10/03/01/01/LCEWC03_10030101.doc,
10,03,01,02,03,https://ppg.ly.gov.tw/ppg/download/agendarec1/03/word/10/03/01/02/LCEWC03_10030102.doc,
10,03,01,null,04,https://ppg.ly.gov.tw/ppg/download/agendarec1/04/word/10/03/01/LCEWC03_100301.doc,
10,03,02,null,02,https://ppg.ly.gov.tw/ppg/download/agendarec1/02/word/10/03/02/LCEWC03_100302.doc,
10,03,02,null,04,https://ppg.ly.gov.tw/ppg/download/agendarec1/04/word/10/03/02/LCEWC03_100302.doc,
10,03,03,null,02,https://ppg.ly.gov.tw/ppg/download/agendarec1/02/word/10/03/03/LCEWC03_100303.doc,
10,03,04,null,02,https://ppg.ly.gov.tw/ppg/download/agendarec1/02/word/10/03/04/LCEWC03_100304.doc,
10,03,05,null,02,https://ppg.ly.gov.tw/ppg/download/agendarec1/02/word/10/03/05/LCEWC03_100305.doc,
10,03,06,null,02,https://ppg.ly.gov.tw/ppg/download/agendarec1/02/word/10/03/06/LCEWC03_100306.doc,
10,03,07,null,02,https://ppg.ly.gov.tw/ppg/download/agendarec1/02/word/10/03/07/LCEWC03_100307.doc,
10,03,08,null,02,https://ppg.ly.gov.tw/ppg/download/agendarec1/02/word/10/03/08/LCEWC03_100308.doc,
10,03,09,null,02,https://ppg.ly.gov.tw/ppg/download/agendarec1/02/word/10/03/09/LCEWC03_100309.doc,
10,03,10,null,02,https://ppg.ly.gov.tw/ppg/download/agendarec1/02/word/10/03/10/LCEWC03_100310.doc,
10,03,11,null,02,https://ppg.ly.gov.tw/ppg/download/agendarec1/02/word/10/03/11/LCEWC03_100311.doc,
10,03,12,null,02,https://ppg.ly.gov.tw/ppg/download/agendarec1/02/word/10/03/12/LCEWC03_100312.doc,
10,03,13,null,02,https://ppg.ly.gov.tw/ppg/download/agendarec1/02/word/10/03/13/LCEWC03_100313.doc,
10,03,14,null,02,https://ppg.ly.gov.tw/ppg/download/agendarec1/02/word/10/03/14/LCEWC03_100314.doc,
10,04,01,null,02,https://ppg.ly.gov.tw/ppg/download/agendarec1/02/word/10/04/01/LCEWC03_100401.doc,
10,04,01,01,03,https://ppg.ly.gov.tw/ppg/download/agendarec1/03/word/10/04/01/01/LCEWC03_10040101.doc,
10,04,01,02,03,https://ppg.ly.gov.tw/ppg/download/agendarec1/03/word/10/04/01/02/LCEWC03_10040102.doc,
10,04,01,null,04,https://ppg.ly.gov.tw/ppg/download/agendarec1/04/word/10/04/01/LCEWC03_100401.doc,
10,04,02,null,02,https://ppg.ly.gov.tw/ppg/download/agendarec1/02/word/10/04/02/LCEWC03_100402.doc,
10,04,03,null,02,https://ppg.ly.gov.tw/ppg/download/agendarec1/02/word/10/04/03/LCEWC03_100403.doc,
10,04,04,null,02,https://ppg.ly.gov.tw/ppg/download/agendarec1/02/word/10/04/04/LCEWC03_100404.doc,
10,04,05,null,02,https://ppg.ly.gov.tw/ppg/download/agendarec1/02/word/10/04/05/LCEWC03_100405.doc,
10,04,06,null,02,https://ppg.ly.gov.tw/ppg/download/agendarec1/02/word/10/04/06/LCEWC03_100406.doc,
10,04,07,null,02,https://ppg.ly.gov.tw/ppg/download/agendarec1/02/word/10/04/07/LCEWC03_100407.doc,
10,04,08,null,02,https://ppg.ly.gov.tw/ppg/download/agendarec1/02/word/10/04/08/LCEWC03_100408.doc,
10,04,09,null,02,https://ppg.ly.gov.tw/ppg/download/agendarec1/02/word/10/04/09/LCEWC03_100409.doc,
10,04,10,null,02,https://ppg.ly.gov.tw/ppg/download/agendarec1/02/word/10/04/10/LCEWC03_100410.doc,
10,04,11,null,02,https://ppg.ly.gov.tw/ppg/download/agendarec1/02/word/10/04/11/LCEWC03_100411.doc,
10,04,12,null,02,https://ppg.ly.gov.tw/ppg/download/agendarec1/02/word/10/04/12/LCEWC03_100412.doc,
10,04,13,null,02,https://ppg.ly.gov.tw/ppg/download/agendarec1/02/word/10/04/13/LCEWC03_100413.doc,
10,04,14,null,02,https://ppg.ly.gov.tw/ppg/download/agendarec1/02/word/10/04/14/LCEWC03_100414.doc,
10,04,15,null,02,https://ppg.ly.gov.tw/ppg/download/agendarec1/02/word/10/04/15/LCEWC03_100415.doc,
10,05,01,null,01,https://ppg.ly.gov.tw/ppg/download/agendarec1/01/word/10/05/01/LCEWC03_100501.doc,
10,05,01,null,02,https://ppg.ly.gov.tw/ppg/download/agendarec1/02/word/10/05/01/LCEWC03_100501.doc,
10,05,02,null,02,https://ppg.ly.gov.tw/ppg/download/agendarec1/02/word/10/05/02/LCEWC03_100502.doc,
10,05,03,null,02,https://ppg.ly.gov.tw/ppg/download/agendarec1/02/word/10/05/03/LCEWC03_100503.doc,
10,05,04,null,02,https://ppg.ly.gov.tw/ppg/download/agendarec1/02/word/10/05/04/LCEWC03_100504.doc,
10,05,05,null,02,https://ppg.ly.gov.tw/ppg/download/agendarec1/02/word/10/05/05/LCEWC03_100505.doc,
10,05,06,null,02,https://ppg.ly.gov.tw/ppg/download/agendarec1/02/word/10/05/06/LCEWC03_100506.doc,
10,05,07,null,02,https://ppg.ly.gov.tw/ppg/download/agendarec1/02/word/10/05/07/LCEWC03_100507.doc,
10,05,08,null,02,https://ppg.ly.gov.tw/ppg/download/agendarec1/02/word/10/05/08/LCEWC03_100508.doc,
10,05,09,null,02,https://ppg.ly.gov.tw/ppg/download/agendarec1/02/word/10/05/09/LCEWC03_100509.doc,
10,05,10,null,02,https://ppg.ly.gov.tw/ppg/download/agendarec1/02/word/10/05/10/LCEWC03_100510.doc,
10,05,11,null,02,https://ppg.ly.gov.tw/ppg/download/agendarec1/02/word/10/05/11/LCEWC03_100511.doc,
10,05,12,null,02,https://ppg.ly.gov.tw/ppg/download/agendarec1/02/word/10/05/12/LCEWC03_100512.doc,
10,05,13,null,02,https://ppg.ly.gov.tw/ppg/download/agendarec1/02/word/10/05/13/LCEWC03_100513.doc,
10,05,14,null,02,https://ppg.ly.gov.tw/ppg/download/agendarec1/02/word/10/05/14/LCEWC03_100514.doc,
10,06,01,null,02,https://ppg.ly.gov.tw/ppg/download/agendarec1/02/word/10/06/01/LCEWC03_100601.doc,
10,06,02,null,02,https://ppg.ly.gov.tw/ppg/download/agendarec1/02/word/10/06/02/LCEWC03_100602.doc,
10,06,03,null,02,https://ppg.ly.gov.tw/ppg/download/agendarec1/02/word/10/06/03/LCEWC03_100603.doc,
10,06,04,null,02,https://ppg.ly.gov.tw/ppg/download/agendarec1/02/word/10/06/04/LCEWC03_100604.doc,
10,06,05,null,02,https://ppg.ly.gov.tw/ppg/download/agendarec1/02/word/10/06/05/LCEWC03_100605.doc,
10,06,06,null,02,https://ppg.ly.gov.tw/ppg/download/agendarec1/02/word/10/06/06/LCEWC03_100606.doc,
10,06,07,null,02,https://ppg.ly.gov.tw/ppg/download/agendarec1/02/word/10/06/07/LCEWC03_100607.doc,
10,06,08,null,02,https://ppg.ly.gov.tw/ppg/download/agendarec1/02/word/10/06/08/LCEWC03_100608.doc,
10,06,09,null,02,https://ppg.ly.gov.tw/ppg/download/agendarec1/02/word/10/06/09/LCEWC03_100609.doc,
10,06,10,null,02,https://ppg.ly.gov.tw/ppg/download/agendarec1/02/word/10/06/10/LCEWC03_100610.doc,
10,06,11,null,02,https://ppg.ly.gov.tw/ppg/download/agendarec1/02/word/10/06/11/LCEWC03_100611.doc,
10,06,12,null,02,https://ppg.ly.gov.tw/ppg/download/agendarec1/02/word/10/06/12/LCEWC03_100612.doc,
10,06,13,null,02,https://ppg.ly.gov.tw/ppg/download/agendarec1/02/word/10/06/13/LCEWC03_100613.doc,
10,06,14,null,02,https://ppg.ly.gov.tw/ppg/download/agendarec1/02/word/10/06/14/LCEWC03_100614.doc,
10,06,15,null,02,https://ppg.ly.gov.tw/ppg/download/agendarec1/02/word/10/06/15/LCEWC03_100615.doc,
10,06,16,null,02,https://ppg.ly.gov.tw/ppg/download/agendarec1/02/word/10/06/16/LCEWC03_100616.doc,
10,07,01,null,02,https://ppg.ly.gov.tw/ppg/download/agendarec1/02/word/10/07/01/LCEWC03_100701.doc,
10,07,01,01,03,https://ppg.ly.gov.tw/ppg/download/agendarec1/03/word/10/07/01/01/LCEWC03_10070101.doc,
10,07,01,02,03,https://ppg.ly.gov.tw/ppg/download/agendarec1/03/word/10/07/01/02/LCEWC03_10070102.doc,
10,07,01,null,04,https://ppg.ly.gov.tw/ppg/download/agendarec1/04/word/10/07/01/LCEWC03_100701.doc,
10,07,01,01,05,https://ppg.ly.gov.tw/ppg/download/agendarec1/05/word/10/07/01/01/LCEWC03_10070101.doc,
10,07,02,null,02,https://ppg.ly.gov.tw/ppg/download/agendarec1/02/word/10/07/02/LCEWC03_100702.doc,
10,07,02,01,03,https://ppg.ly.gov.tw/ppg/download/agendarec1/03/word/10/07/02/01/LCEWC03_10070201.doc,
10,07,02,02,03,https://ppg.ly.gov.tw/ppg/download/agendarec1/03/word/10/07/02/02/LCEWC03_10070202.doc,
10,07,02,null,04,https://ppg.ly.gov.tw/ppg/download/agendarec1/04/word/10/07/02/LCEWC03_100702.doc,
10,07,03,null,02,https://ppg.ly.gov.tw/ppg/download/agendarec1/02/word/10/07/03/LCEWC03_100703.doc,
10,07,04,null,02,https://ppg.ly.gov.tw/ppg/download/agendarec1/02/word/10/07/04/LCEWC03_100704.doc,
10,07,05,null,02,https://ppg.ly.gov.tw/ppg/download/agendarec1/02/word/10/07/05/LCEWC03_100705.doc,
10,07,06,null,02,https://ppg.ly.gov.tw/ppg/download/agendarec1/02/word/10/07/06/LCEWC03_100706.doc,
10,07,07,null,02,https://ppg.ly.gov.tw/ppg/download/agendarec1/02/word/10/07/07/LCEWC03_100707.doc,
10,07,08,null,02,https://ppg.ly.gov.tw/ppg/download/agendarec1/02/word/10/07/08/LCEWC03_100708.doc,
10,07,09,null,02,https://ppg.ly.gov.tw/ppg/download/agendarec1/02/word/10/07/09/LCEWC03_100709.doc,
10,07,10,null,02,https://ppg.ly.gov.tw/ppg/download/agendarec1/02/word/10/07/10/LCEWC03_100710.doc,
10,07,11,null,02,https://ppg.ly.gov.tw/ppg/download/agendarec1/02/word/10/07/11/LCEWC03_100711.doc,
10,07,12,null,02,https://ppg.ly.gov.tw/ppg/download/agendarec1/02/word/10/07/12/LCEWC03_100712.doc,
10,07,13,null,02,https://ppg.ly.gov.tw/ppg/download/agendarec1/02/word/10/07/13/LCEWC03_100713.doc,
10,08,01,null,02,https://ppg.ly.gov.tw/ppg/download/agendarec1/02/word/10/08/01/LCEWC03_100801.doc,
10,08,01,01,03,https://ppg.ly.gov.tw/ppg/download/agendarec1/03/word/10/08/01/01/LCEWC03_10080101.doc,
10,08,01,null,04,https://ppg.ly.gov.tw/ppg/download/agendarec1/04/word/10/08/01/LCEWC03_100801.doc,
10,08,02,null,02,https://ppg.ly.gov.tw/ppg/download/agendarec1/02/word/10/08/02/LCEWC03_100802.doc,
10,08,03,null,02,https://ppg.ly.gov.tw/ppg/download/agendarec1/02/word/10/08/03/LCEWC03_100803.doc,
10,08,04,null,02,https://ppg.ly.gov.tw/ppg/download/agendarec1/02/word/10/08/04/LCEWC03_100804.doc,
10,08,05,null,02,https://ppg.ly.gov.tw/ppg/download/agendarec1/02/word/10/08/05/LCEWC03_100805.doc,
10,08,06,null,02,https://ppg.ly.gov.tw/ppg/download/agendarec1/02/word/10/08/06/LCEWC03_100806.doc,
10,08,07,null,02,https://ppg.ly.gov.tw/ppg/download/agendarec1/02/word/10/08/07/LCEWC03_100807.doc,
10,08,08,null,02,https://ppg.ly.gov.tw/ppg/download/agendarec1/02/word/10/08/08/LCEWC03_100808.doc,
10,08,09,null,02,https://ppg.ly.gov.tw/ppg/download/agendarec1/02/word/10/08/09/LCEWC03_100809.doc,
10,08,10,null,02,https://ppg.ly.gov.tw/ppg/download/agendarec1/02/word/10/08/10/LCEWC03_100810.doc,
10,08,11,null,02,https://ppg.ly.gov.tw/ppg/download/agendarec1/02/word/10/08/11/LCEWC03_100811.doc,
10,08,12,null,02,https://ppg.ly.gov.tw/ppg/download/agendarec1/02/word/10/08/12/LCEWC03_100812.doc,
11,01,01,null,02,https://ppg.ly.gov.tw/ppg/download/agendarec1/02/word/11/01/01/LCEWC03_110101.doc,
11,01,01,null,06,https://ppg.ly.gov.tw/ppg/download/agendarec1/02/word/11/01/01/LCEWC03_110101_1.doc,
11,01,02,null,02,https://ppg.ly.gov.tw/ppg/download/agendarec1/02/word/11/01/02/LCEWC03_110102.doc,
11,01,03,null,02,https://ppg.ly.gov.tw/ppg/download/agendarec1/02/word/11/01/03/LCEWC03_110103.doc,
11,01,04,null,02,https://ppg.ly.gov.tw/ppg/download/agendarec1/02/word/11/01/04/LCEWC03_110104.doc,
11,01,05,null,02,https://ppg.ly.gov.tw/ppg/download/agendarec1/02/word/11/01/05/LCEWC03_110105.doc,
11,01,06,null,02,https://ppg.ly.gov.tw/ppg/download/agendarec1/02/word/11/01/06/LCEWC03_110106.doc,
11,01,07,null,02,https://ppg.ly.gov.tw/ppg/download/agendarec1/02/word/11/01/07/LCEWC03_110107.doc,
11,01,08,null,02,https://ppg.ly.gov.tw/ppg/download/agendarec1/02/word/11/01/08/LCEWC03_110108.doc,
11,01,09,null,02,https://ppg.ly.gov.tw/ppg/download/agendarec1/02/word/11/01/09/LCEWC03_110109.doc,
11,01,10,null,02,https://ppg.ly.gov.tw/ppg/download/agendarec1/02/word/11/01/10/LCEWC03_110110.doc,
11,01,11,null,02,https://ppg.ly.gov.tw/ppg/download/agendarec1/02/word/11/01/11/LCEWC03_110111.doc,
11,01,12,null,02,https://ppg.ly.gov.tw/ppg/download/agendarec1/02/word/11/01/12/LCEWC03_110112.doc,
11,01,13,null,02,https://ppg.ly.gov.tw/ppg/download/agendarec1/02/word/11/01/13/LCEWC03_110113.doc,
11,01,14,null,02,https://ppg.ly.gov.tw/ppg/download/agendarec1/02/word/11/01/14/LCEWC03_110114.doc,
11,01,15,null,02,https://ppg.ly.gov.tw/ppg/download/agendarec1/02/word/11/01/15/LCEWC03_110115.doc,
11,01,16,null,02,https://ppg.ly.gov.tw/ppg/download/agendarec1/02/word/11/01/16/LCEWC03_110116.doc,
11,01,17,null,02,https://ppg.ly.gov.tw/ppg/download/agendarec1/02/word/11/01/17/LCEWC03_110117.doc,
